Date,Time,Soc,Speed,Mode,LAT,LON,ALT,GpsSpeed,Temperature,Humidity,Weather,WindSpeedAv,Traffic,SpeedLimit
4/22/2021,8:42:50,97.74,0,N,33.986153,-6.72496,151,0.03704,17.2,72,Clouds,0.33,0,40
4/22/2021,8:42:51,97.74,0,N,33.986153,-6.72496,151,0.03704,17.2,72,Clouds,0.33,0,40
4/22/2021,8:42:52,97.74,0,N,33.986153,-6.72496,151,0.03704,17.2,72,Clouds,0.33,0,40
4/22/2021,8:42:53,97.74,0,N,33.986153,-6.72496,151,0.03704,17.2,72,Clouds,0.33,0,40
4/22/2021,8:42:54,97.74,0,N,33.986153,-6.72496,151,0.03704,17.2,72,Clouds,0.33,0,40
4/22/2021,8:42:55,97.74,0,N,33.986153,-6.72496,151,0.03704,17.2,72,Clouds,0.33,0,40
4/22/2021,8:42:56,97.74,0,R,33.986153,-6.72496,151,0.03704,17.2,72,Clouds,0.33,0,40
4/22/2021,8:42:57,97.74,0,R,33.986153,-6.72496,151,0.03704,17.2,72,Clouds,0.33,0,40
4/22/2021,8:42:58,97.74,0,R,33.986153,-6.72496,151,0.03704,17.2,72,Clouds,0.33,0,40
4/22/2021,8:42:59,97.74,0,R,33.986153,-6.72496,151,0.03704,17.2,72,Clouds,0.33,0,40
4/22/2021,8:43:00,97.74,0,D,33.986153,-6.72496,151,0.03704,17.2,72,Clouds,0.33,0,40
4/22/2021,8:43:01,97.74,0,D,33.986153,-6.72496,151,0.03704,17.2,72,Clouds,0.33,0,40
4/22/2021,8:43:02,97.74,0,D,33.986153,-6.72496,151,0.03704,17.2,72,Clouds,0.33,0,40
4/22/2021,8:43:03,97.74,3.88,D,33.986153,-6.72496,151,0.03704,17.2,72,Clouds,0.33,0,40
4/22/2021,8:43:04,97.72,5.77,D,33.986153,-6.72496,151,0.03704,17.2,72,Clouds,0.33,0,40
4/22/2021,8:43:05,97.72,5.77,D,33.986153,-6.72496,151,0.03704,17.2,72,Clouds,0.33,0,40
4/22/2021,8:43:06,97.72,8.99,D,33.986122,-6.72497,151,0.03704,17.2,72,Clouds,0.33,0,40
4/22/2021,8:43:07,97.72,9.54,D,33.986122,-6.72497,151,0.03704,17.2,72,Clouds,0.33,0,40
4/22/2021,8:43:08,97.7,9.54,D,33.986122,-6.72497,151,0.03704,17.2,72,Clouds,0.33,0,40
4/22/2021,8:43:09,97.7,9.54,D,33.986122,-6.72497,151,0.03704,17.2,72,Clouds,0.33,0,40
4/22/2021,8:43:10,97.7,8.1,D,33.986122,-6.72497,151,0.03704,17.2,72,Clouds,0.33,0,40
4/22/2021,8:43:11,97.7,8.1,D,33.986122,-6.72497,151,0.03704,17.2,72,Clouds,0.33,0,40
4/22/2021,8:43:12,97.7,8.32,D,33.986122,-6.72497,151,0.03704,17.2,72,Clouds,0.33,0,40
4/22/2021,8:43:13,97.7,8.32,D,33.986122,-6.72497,151,0.03704,17.2,72,Clouds,0.33,0,40
4/22/2021,8:43:14,97.7,8.32,D,33.986122,-6.72497,151,0.03704,17.2,72,Clouds,0.33,0,40
4/22/2021,8:43:15,97.7,8.32,D,33.986122,-6.72497,151,0.03704,17.2,72,Clouds,0.33,0,40
4/22/2021,8:43:16,97.7,8.32,D,33.985992,-6.72518,151,8.96368,17.2,72,Clouds,0.33,0,40
4/22/2021,8:43:17,97.68,8.54,D,33.985992,-6.72518,151,8.96368,17.2,72,Clouds,0.33,0,40
4/22/2021,8:43:18,97.68,8.54,D,33.985992,-6.72518,151,8.96368,17.2,72,Clouds,0.33,0,40
4/22/2021,8:43:19,97.68,9.32,D,33.985992,-6.72518,151,8.96368,17.2,72,Clouds,0.33,0,40
4/22/2021,8:43:20,97.68,9.32,D,33.985992,-6.72518,151,8.96368,17.2,72,Clouds,0.33,0,40
4/22/2021,8:43:21,97.68,10.1,D,33.985992,-6.72518,151,8.96368,17.2,72,Clouds,0.33,0,40
4/22/2021,8:43:22,97.68,10.1,D,33.985992,-6.72518,151,8.96368,17.2,72,Clouds,0.33,0,40
4/22/2021,8:43:23,97.68,11.1,D,33.985992,-6.72518,151,8.96368,17.2,72,Clouds,0.33,0,40
4/22/2021,8:43:24,97.68,11.1,D,33.985992,-6.72518,151,8.96368,17.2,72,Clouds,0.33,0,40
4/22/2021,8:43:25,97.68,11.1,D,33.985992,-6.72518,151,8.96368,17.2,72,Clouds,0.33,0,40
4/22/2021,8:43:26,97.66,9.99,D,33.985992,-6.72518,151,8.96368,17.2,72,Clouds,0.33,0,40
4/22/2021,8:43:27,97.66,9.99,D,33.985992,-6.72518,151,8.96368,17.2,72,Clouds,0.33,0,40
4/22/2021,8:43:28,97.66,9.99,D,33.985992,-6.72518,151,8.96368,17.2,72,Clouds,0.33,0,40
4/22/2021,8:43:29,97.66,9.99,D,33.985992,-6.72518,151,8.96368,17.2,72,Clouds,0.33,0,40
4/22/2021,8:43:30,97.66,10.32,D,33.985992,-6.72518,151,8.96368,17.2,72,Clouds,0.33,0,40
4/22/2021,8:43:31,97.66,11.21,D,33.985992,-6.72518,151,8.96368,17.2,72,Clouds,0.33,0,40
4/22/2021,8:43:32,97.66,11.21,D,33.985992,-6.72518,151,8.96368,17.2,72,Clouds,0.33,0,40
4/22/2021,8:43:33,97.66,11.21,D,33.985992,-6.72518,151,8.96368,17.2,72,Clouds,0.33,0,40
4/22/2021,8:43:34,97.66,11.21,D,33.985992,-6.72518,151,8.96368,17.2,72,Clouds,0.33,0,40
4/22/2021,8:43:35,97.66,11.21,D,33.985992,-6.72518,151,8.96368,17.2,72,Clouds,0.33,0,40
4/22/2021,8:43:36,97.64,11.21,D,33.985992,-6.72518,151,8.96368,17.2,72,Clouds,0.33,0,40
4/22/2021,8:43:37,97.64,11.21,D,33.986385,-6.72572,144,8.96368,17.2,72,Clouds,0.33,0,40
4/22/2021,8:43:38,97.64,11.21,D,33.986385,-6.72572,144,8.96368,17.2,72,Clouds,0.33,0,40
4/22/2021,8:43:39,97.64,11.65,D,33.986385,-6.72572,144,8.96368,17.2,72,Clouds,0.33,0,40
4/22/2021,8:43:40,97.64,11.54,D,33.986385,-6.72572,144,8.96368,17.2,72,Clouds,0.33,0,40
4/22/2021,8:43:41,97.64,11.54,D,33.986385,-6.72572,144,8.96368,17.2,72,Clouds,0.33,0,40
4/22/2021,8:43:42,97.64,11.87,D,33.986385,-6.72572,144,8.96368,17.2,72,Clouds,0.33,0,40
4/22/2021,8:43:43,97.64,11.87,D,33.986385,-6.72572,144,8.96368,17.2,72,Clouds,0.33,0,40
4/22/2021,8:43:44,97.64,11.54,D,33.986385,-6.72572,144,8.96368,17.2,72,Clouds,0.33,0,40
4/22/2021,8:43:45,97.64,11.76,D,33.986385,-6.72572,144,8.96368,17.2,72,Clouds,0.33,0,40
4/22/2021,8:43:46,97.64,12.43,D,33.986385,-6.72572,144,8.96368,17.2,72,Clouds,0.33,0,40
4/22/2021,8:43:47,97.62,12.87,D,33.986385,-6.72572,144,8.96368,17.2,72,Clouds,0.33,0,40
4/22/2021,8:43:48,97.62,12.87,D,33.986385,-6.72572,144,8.96368,17.2,72,Clouds,0.33,0,40
4/22/2021,8:43:49,97.62,18.09,D,33.986385,-6.72572,144,8.96368,17.2,72,Clouds,0.33,0,40
4/22/2021,8:43:50,97.6,18.09,D,33.98671,-6.726068,144,19.131159,17.2,72,Clouds,0.33,0,40
4/22/2021,8:43:51,97.6,21.42,D,33.98671,-6.726068,144,19.131159,17.2,72,Clouds,0.33,0,40
4/22/2021,8:43:52,97.56,22.08,D,33.98671,-6.726068,144,19.131159,17.2,72,Clouds,0.33,0,40
4/22/2021,8:43:53,97.56,24.19,D,33.98671,-6.726068,144,19.131159,17.2,72,Clouds,0.33,0,40
4/22/2021,8:43:54,97.56,24.19,D,33.98671,-6.726068,144,19.131159,17.2,72,Clouds,0.33,0,40
4/22/2021,8:43:55,97.52,27.52,D,33.98671,-6.726068,144,19.131159,17.2,72,Clouds,0.33,0,40
4/22/2021,8:43:56,97.52,28.19,D,33.98671,-6.726068,144,19.131159,17.2,72,Clouds,0.33,0,40
4/22/2021,8:43:57,97.5,28.74,D,33.98671,-6.726068,144,19.131159,17.2,72,Clouds,0.33,0,40
4/22/2021,8:43:58,97.5,27.19,D,33.98671,-6.726068,144,19.131159,17.2,72,Clouds,0.33,0,40
4/22/2021,8:43:59,97.5,26.52,D,33.98671,-6.726068,144,19.131159,17.2,72,Clouds,0.33,0,40
4/22/2021,8:44:00,97.5,26.52,D,33.98671,-6.726068,144,19.131159,17.2,72,Clouds,0.33,0,40
4/22/2021,8:44:01,97.5,23.97,D,33.98671,-6.726068,144,19.131159,17.2,72,Clouds,0.33,0,40
4/22/2021,8:44:02,97.5,21.86,D,33.98671,-6.726068,144,19.131159,17.2,72,Clouds,0.33,0,40
4/22/2021,8:44:03,97.5,21.86,D,33.98671,-6.726068,144,19.131159,17.2,72,Clouds,0.33,0,40
4/22/2021,8:44:04,97.5,21.86,D,33.98671,-6.726068,144,19.131159,17.2,72,Clouds,0.33,0,40
4/22/2021,8:44:05,97.5,21.86,D,33.98671,-6.726068,144,19.131159,17.2,72,Clouds,0.33,0,40
4/22/2021,8:44:06,97.5,20.2,D,33.98671,-6.726068,144,19.131159,17.2,72,Clouds,0.33,0,40
4/22/2021,8:44:07,97.5,22.31,D,33.98671,-6.726068,144,19.131159,17.2,72,Clouds,0.33,0,40
4/22/2021,8:44:08,97.5,23.75,D,33.98671,-6.726068,144,19.131159,17.2,72,Clouds,0.33,0,40
4/22/2021,8:44:09,97.46,23.75,D,33.98671,-6.726068,144,19.131159,17.2,72,Clouds,0.33,0,40
4/22/2021,8:44:10,97.46,25.08,D,33.98671,-6.726068,144,19.131159,17.2,72,Clouds,0.33,0,40
4/22/2021,8:44:11,97.46,24.19,D,33.98671,-6.726068,144,19.131159,17.2,72,Clouds,0.33,0,40
4/22/2021,8:44:12,97.46,24.08,D,33.98671,-6.726068,144,19.131159,17.2,72,Clouds,0.33,0,40
4/22/2021,8:44:13,97.46,22.42,D,33.98671,-6.726068,144,19.131159,17.2,72,Clouds,0.33,0,40
4/22/2021,8:44:14,97.46,19.75,D,33.98671,-6.726068,144,19.131159,17.2,72,Clouds,0.33,0,40
4/22/2021,8:44:15,97.46,19.75,D,33.98671,-6.726068,144,19.131159,17.2,72,Clouds,0.33,0,40
4/22/2021,8:44:16,97.48,16.31,D,33.987865,-6.727318,144,17.72364,17.2,72,Clouds,0.33,0,40
4/22/2021,8:44:17,97.48,16.31,D,33.987865,-6.727318,144,17.72364,17.2,72,Clouds,0.33,0,40
4/22/2021,8:44:18,97.48,8.43,D,33.987865,-6.727318,144,17.72364,17.2,72,Clouds,0.33,0,40
4/22/2021,8:44:19,97.48,8.54,D,33.987865,-6.727318,144,17.72364,17.2,72,Clouds,0.33,0,40
4/22/2021,8:44:20,97.46,8.54,D,33.987865,-6.727318,144,17.72364,17.2,72,Clouds,0.33,0,40
4/22/2021,8:44:21,97.44,16.76,D,33.987865,-6.727318,144,17.72364,17.2,72,Clouds,0.33,0,40
4/22/2021,8:44:22,97.44,18.31,D,33.987865,-6.727318,144,17.72364,17.2,72,Clouds,0.33,0,40
4/22/2021,8:44:23,97.44,18.31,D,33.987865,-6.727318,144,17.72364,17.2,72,Clouds,0.33,0,40
4/22/2021,8:44:24,97.42,18.31,D,33.987865,-6.727318,144,17.72364,17.2,72,Clouds,0.33,0,40
4/22/2021,8:44:25,97.42,18.31,D,33.987865,-6.727318,144,17.72364,17.2,72,Clouds,0.33,0,40
4/22/2021,8:44:26,97.4,18.31,D,33.987865,-6.727318,144,17.72364,17.2,72,Clouds,0.33,0,40
4/22/2021,8:44:27,97.38,18.31,D,33.987865,-6.727318,144,17.72364,17.2,72,Clouds,0.33,0,40
4/22/2021,8:44:28,97.36,18.31,D,33.987865,-6.727318,144,17.72364,17.2,72,Clouds,0.33,0,40
4/22/2021,8:44:29,97.34,18.31,D,33.987865,-6.727318,144,17.72364,17.2,72,Clouds,0.33,0,40
4/22/2021,8:44:30,97.32,30.96,D,33.98774,-6.727883,137,17.72364,17.2,72,Clouds,0.33,0,40
4/22/2021,8:44:31,97.3,30.96,D,33.98774,-6.727883,137,17.72364,17.2,72,Clouds,0.33,0,40
4/22/2021,8:44:32,97.28,30.96,D,33.98774,-6.727883,137,17.72364,17.2,72,Clouds,0.33,0,40
4/22/2021,8:44:33,97.26,30.96,D,33.98774,-6.727883,137,17.72364,17.2,72,Clouds,0.33,0,40
4/22/2021,8:44:34,97.26,30.96,D,33.98774,-6.727883,137,17.72364,17.2,72,Clouds,0.33,0,60
4/22/2021,8:44:35,97.24,30.96,D,33.98774,-6.727883,137,17.72364,17.2,72,Clouds,0.33,0,60
4/22/2021,8:44:36,97.22,35.85,D,33.98774,-6.727883,137,17.72364,17.2,72,Clouds,0.33,0,60
4/22/2021,8:44:37,97.2,35.85,D,33.98774,-6.727883,137,17.72364,17.2,72,Clouds,0.33,0,60
4/22/2021,8:44:38,97.2,35.85,D,33.98774,-6.727883,137,17.72364,17.2,72,Clouds,0.33,0,60
4/22/2021,8:44:39,97.18,35.85,D,33.98774,-6.727883,137,17.72364,17.2,72,Clouds,0.33,0,60
4/22/2021,8:44:40,97.18,35.85,D,33.98774,-6.727883,137,17.72364,17.2,72,Clouds,0.33,0,60
4/22/2021,8:44:41,97.16,36.4,D,33.98774,-6.727883,137,17.72364,17.2,72,Clouds,0.33,0,60
4/22/2021,8:44:42,97.14,36.4,D,33.986778,-6.728676,139,17.72364,17.2,72,Clouds,0.33,0,60
4/22/2021,8:44:43,97.14,36.4,D,33.986778,-6.728676,139,17.72364,17.2,72,Clouds,0.33,0,60
4/22/2021,8:44:44,97.12,36.4,D,33.986778,-6.728676,139,17.72364,17.2,72,Clouds,0.33,0,60
4/22/2021,8:44:45,97.12,36.4,D,33.986778,-6.728676,139,17.72364,17.2,72,Clouds,0.33,0,60
4/22/2021,8:44:46,97.12,31.63,D,33.986778,-6.728676,139,17.72364,17.2,72,Clouds,0.33,0,60
4/22/2021,8:44:47,97.1,31.63,D,33.986778,-6.728676,139,17.72364,17.2,72,Clouds,0.33,0,60
4/22/2021,8:44:48,97.08,31.63,D,33.986778,-6.728676,139,17.72364,17.2,72,Clouds,0.33,0,60
4/22/2021,8:44:49,97.06,34.85,D,33.986778,-6.728676,139,17.72364,17.2,72,Clouds,0.33,0,60
4/22/2021,8:44:50,97.06,35.29,D,33.986778,-6.728676,139,17.72364,17.2,72,Clouds,0.33,0,60
4/22/2021,8:44:51,97.04,36.4,D,33.986778,-6.728676,139,17.72364,17.2,72,Clouds,0.33,0,60
4/22/2021,8:44:52,97.02,37.4,D,33.986778,-6.728676,139,17.72364,17.2,72,Clouds,0.33,0,60
4/22/2021,8:44:53,96.98,37.4,D,33.986034,-6.729289,146,17.72364,17.2,72,Clouds,0.33,0,60
4/22/2021,8:44:54,96.98,37.4,D,33.986034,-6.729289,146,17.72364,17.2,72,Clouds,0.33,0,60
4/22/2021,8:44:55,96.96,37.4,D,33.986034,-6.729289,146,17.72364,17.2,72,Clouds,0.33,0,60
4/22/2021,8:44:56,96.94,37.4,D,33.986034,-6.729289,146,17.72364,17.2,72,Clouds,0.33,0,60
4/22/2021,8:44:57,96.92,37.4,D,33.986034,-6.729289,146,17.72364,17.2,72,Clouds,0.33,0,60
4/22/2021,8:44:58,96.9,37.4,D,33.986034,-6.729289,146,17.72364,17.2,72,Clouds,0.33,0,60
4/22/2021,8:44:59,96.88,41.07,D,33.986034,-6.729289,146,17.72364,17.2,72,Clouds,0.33,0,60
4/22/2021,8:45:00,96.86,41.07,D,33.986034,-6.729289,146,17.72364,17.2,72,Clouds,0.33,0,60
4/22/2021,8:45:01,96.86,42.06,D,33.986034,-6.729289,146,17.72364,17.2,72,Clouds,0.33,0,60
4/22/2021,8:45:02,96.84,42.06,D,33.986034,-6.729289,146,17.72364,17.2,72,Clouds,0.33,0,60
4/22/2021,8:45:03,96.8,42.06,D,33.986034,-6.729289,146,17.72364,17.2,72,Clouds,0.33,0,60
4/22/2021,8:45:04,96.78,42.06,D,33.986034,-6.729289,146,17.72364,17.2,72,Clouds,0.33,0,60
4/22/2021,8:45:05,96.76,42.06,D,33.986034,-6.729289,146,17.72364,17.2,72,Clouds,0.33,0,60
4/22/2021,8:45:06,96.74,42.06,D,33.986034,-6.729289,146,17.72364,17.2,72,Clouds,0.33,0,60
4/22/2021,8:45:07,96.72,42.06,D,33.986034,-6.729289,146,17.72364,17.2,72,Clouds,0.33,0,60
4/22/2021,8:45:08,96.7,42.06,D,33.984726,-6.730391,139,17.72364,17.2,72,Clouds,0.33,0,60
4/22/2021,8:45:09,96.7,42.06,D,33.984726,-6.730391,139,17.72364,17.2,72,Clouds,0.33,0,60
4/22/2021,8:45:10,96.68,42.06,D,33.984726,-6.730391,139,17.72364,17.2,72,Clouds,0.33,0,60
4/22/2021,8:45:11,96.66,42.06,D,33.984726,-6.730391,139,17.72364,17.2,72,Clouds,0.33,0,60
4/22/2021,8:45:12,96.64,42.06,D,33.984726,-6.730391,139,17.72364,17.2,72,Clouds,0.33,0,60
4/22/2021,8:45:13,96.62,42.06,D,33.984726,-6.730391,139,17.72364,17.2,72,Clouds,0.33,0,60
4/22/2021,8:45:14,96.58,42.06,D,33.984726,-6.730391,139,17.72364,17.2,72,Clouds,0.33,0,60
4/22/2021,8:45:15,96.56,42.06,D,33.984726,-6.730391,139,17.72364,17.2,72,Clouds,0.33,0,60
4/22/2021,8:45:16,96.54,42.06,D,33.984726,-6.730391,139,17.72364,17.2,72,Clouds,0.33,0,60
4/22/2021,8:45:17,96.54,47.84,D,33.984726,-6.730391,139,17.72364,17.2,72,Clouds,0.33,0,60
4/22/2021,8:45:18,96.52,47.84,D,33.984726,-6.730391,139,17.72364,17.2,72,Clouds,0.33,0,60
4/22/2021,8:45:19,96.5,47.84,D,33.984726,-6.730391,139,17.72364,17.2,72,Clouds,0.33,0,60
4/22/2021,8:45:20,96.48,47.84,D,33.983093,-6.731364,139,47.966801,17.2,72,Clouds,0.33,0,60
4/22/2021,8:45:21,96.46,47.84,D,33.983093,-6.731364,139,47.966801,17.2,72,Clouds,0.33,0,60
4/22/2021,8:45:22,96.44,47.84,D,33.983093,-6.731364,139,47.966801,17.2,72,Clouds,0.33,0,60
4/22/2021,8:45:23,96.4,47.84,D,33.983093,-6.731364,139,47.966801,17.2,72,Clouds,0.33,0,60
4/22/2021,8:45:24,96.38,47.84,D,33.983093,-6.731364,139,47.966801,17.2,72,Clouds,0.32,0,60
4/22/2021,8:45:25,96.36,47.84,D,33.983093,-6.731364,139,47.966801,17.2,72,Clouds,0.32,0,60
4/22/2021,8:45:26,96.34,48.28,D,33.983093,-6.731364,139,47.966801,17.2,72,Clouds,0.32,0,60
4/22/2021,8:45:27,96.32,48.84,D,33.983093,-6.731364,139,47.966801,17.2,72,Clouds,0.32,0,60
4/22/2021,8:45:28,96.3,49.39,D,33.983093,-6.731364,139,47.966801,17.2,72,Clouds,0.32,0,60
4/22/2021,8:45:29,96.28,49.39,D,33.981907,-6.731698,139,49.781757,17.2,72,Clouds,0.32,0,60
4/22/2021,8:45:30,96.26,49.39,D,33.981907,-6.731698,139,49.781757,17.2,72,Clouds,0.32,0,60
4/22/2021,8:45:31,96.24,49.39,D,33.981907,-6.731698,139,49.781757,17.2,72,Clouds,0.32,0,60
4/22/2021,8:45:32,96.22,49.39,D,33.981907,-6.731698,139,49.781757,17.2,72,Clouds,0.32,0,60
4/22/2021,8:45:33,96.2,49.39,D,33.981907,-6.731698,139,49.781757,17.2,72,Clouds,0.32,0,60
4/22/2021,8:45:34,96.18,49.39,D,33.981907,-6.731698,139,49.781757,17.2,72,Clouds,0.32,0,60
4/22/2021,8:45:35,96.14,49.39,D,33.981907,-6.731698,139,49.781757,17.2,72,Clouds,0.32,0,60
4/22/2021,8:45:36,96.12,50.39,D,33.981907,-6.731698,139,49.781757,17.2,72,Clouds,0.32,0,60
4/22/2021,8:45:37,96.1,50.39,D,33.981907,-6.731698,139,49.781757,17.2,72,Clouds,0.32,0,60
4/22/2021,8:45:38,96.1,50.39,D,33.980953,-6.732678,138,49.781757,17.2,72,Clouds,0.32,0,60
4/22/2021,8:45:39,96.08,50.94,D,33.980953,-6.732678,138,49.781757,17.2,72,Clouds,0.32,0,60
4/22/2021,8:45:40,96.06,50.94,D,33.980953,-6.732678,138,49.781757,17.2,72,Clouds,0.32,0,60
4/22/2021,8:45:41,96.04,50.94,D,33.980953,-6.732678,138,49.781757,17.2,72,Clouds,0.32,0,60
4/22/2021,8:45:42,96.04,50.94,D,33.980953,-6.732678,138,49.781757,17.2,72,Clouds,0.32,0,60
4/22/2021,8:45:43,96.04,50.94,D,33.980953,-6.732678,138,49.781757,17.2,72,Clouds,0.32,0,60
4/22/2021,8:45:44,96.04,43.62,D,33.980953,-6.732678,138,49.781757,17.2,72,Clouds,0.32,0,40
4/22/2021,8:45:45,96.06,42.06,D,33.980953,-6.732678,138,49.781757,17.2,72,Clouds,0.32,0,40
4/22/2021,8:45:46,96.06,42.06,D,33.980953,-6.732678,138,49.781757,17.2,72,Clouds,0.32,0,40
4/22/2021,8:45:47,96.06,37.4,D,33.980328,-6.733878,138,39.18832,17.2,72,Clouds,0.32,0,40
4/22/2021,8:45:48,96.08,37.4,D,33.980328,-6.733878,138,39.18832,17.2,72,Clouds,0.32,0,40
4/22/2021,8:45:49,96.08,35.85,D,33.980328,-6.733878,138,39.18832,17.2,72,Clouds,0.32,0,40
4/22/2021,8:45:50,96.08,34.29,D,33.980328,-6.733878,138,39.18832,17.2,72,Clouds,0.32,0,40
4/22/2021,8:45:51,96.08,34.29,D,33.980328,-6.733878,138,39.18832,17.2,72,Clouds,0.32,0,40
4/22/2021,8:45:52,96.08,34.29,D,33.980328,-6.733878,138,39.18832,17.2,72,Clouds,0.32,0,40
4/22/2021,8:45:53,96.08,30.08,D,33.980328,-6.733878,138,39.18832,17.2,72,Clouds,0.32,0,40
4/22/2021,8:45:54,96.08,29.08,D,33.980328,-6.733878,138,39.18832,17.2,72,Clouds,0.32,0,40
4/22/2021,8:45:55,96.08,28.08,D,33.980328,-6.733878,138,39.18832,17.2,72,Clouds,0.32,0,40
4/22/2021,8:45:56,96.08,28.08,D,33.980328,-6.733878,138,39.18832,17.2,72,Clouds,0.32,0,40
4/22/2021,8:45:57,96.08,24.97,D,33.979786,-6.73459,138,27.24292,17.2,72,Clouds,0.32,0,40
4/22/2021,8:45:58,96.08,23.86,D,33.979786,-6.73459,138,27.24292,17.2,72,Clouds,0.32,0,40
4/22/2021,8:45:59,96.08,21.86,D,33.979786,-6.73459,138,27.24292,17.2,72,Clouds,0.32,0,40
4/22/2021,8:46:00,96.08,21.31,D,33.979786,-6.73459,138,27.24292,17.2,72,Clouds,0.32,0,40
4/22/2021,8:46:01,96.08,20.53,D,33.979786,-6.73459,138,27.24292,17.2,72,Clouds,0.32,0,40
4/22/2021,8:46:02,96.06,20.53,D,33.979786,-6.73459,138,27.24292,17.2,72,Clouds,0.32,0,40
4/22/2021,8:46:03,96.06,21.09,D,33.979786,-6.73459,138,27.24292,17.2,72,Clouds,0.32,0,40
4/22/2021,8:46:04,96.04,21.09,D,33.979786,-6.73459,138,27.24292,17.2,72,Clouds,0.32,0,40
4/22/2021,8:46:05,96.04,21.09,D,33.979786,-6.73459,138,27.24292,17.2,72,Clouds,0.32,0,40
4/22/2021,8:46:06,96.02,21.09,D,33.979294,-6.734921,138,27.24292,17.2,72,Clouds,0.32,0,40
4/22/2021,8:46:07,96.02,21.09,D,33.979294,-6.734921,138,27.24292,17.2,72,Clouds,0.32,0,40
4/22/2021,8:46:08,96,26.19,D,33.979294,-6.734921,138,27.24292,17.2,72,Clouds,0.32,0,40
4/22/2021,8:46:09,95.98,27.52,D,33.979294,-6.734921,138,27.24292,17.2,72,Clouds,0.32,0,40
4/22/2021,8:46:10,95.98,27.52,D,33.979294,-6.734921,138,27.24292,17.2,72,Clouds,0.32,0,40
4/22/2021,8:46:11,95.96,27.52,D,33.979294,-6.734921,138,27.24292,17.2,72,Clouds,0.32,0,40
4/22/2021,8:46:12,95.96,29.74,D,33.979294,-6.734921,138,27.24292,17.2,72,Clouds,0.32,0,40
4/22/2021,8:46:13,95.92,29.74,D,33.979294,-6.734921,138,27.24292,17.2,72,Clouds,0.32,0,40
4/22/2021,8:46:14,95.92,29.74,D,33.979294,-6.734921,138,27.24292,17.2,72,Clouds,0.32,0,40
4/22/2021,8:46:15,95.9,29.74,D,33.979294,-6.734921,138,27.24292,17.2,72,Clouds,0.32,0,40
4/22/2021,8:46:16,95.88,31.63,D,33.979294,-6.734921,138,27.24292,17.2,72,Clouds,0.32,0,40
4/22/2021,8:46:17,95.88,31.63,D,33.979294,-6.734921,138,27.24292,17.2,72,Clouds,0.32,0,40
4/22/2021,8:46:18,95.86,31.63,D,33.979294,-6.734921,138,27.24292,17.2,72,Clouds,0.32,0,40
4/22/2021,8:46:19,95.86,31.63,D,33.979294,-6.734921,138,27.24292,17.2,72,Clouds,0.32,0,40
4/22/2021,8:46:20,95.84,31.63,D,33.979294,-6.734921,138,27.24292,17.2,72,Clouds,0.32,0,40
4/22/2021,8:46:21,95.82,31.63,D,33.978115,-6.73517,138,33.761959,17.2,72,Clouds,0.32,0,40
4/22/2021,8:46:22,95.82,31.63,D,33.978115,-6.73517,138,33.761959,17.2,72,Clouds,0.32,0,40
4/22/2021,8:46:23,95.8,31.63,D,33.978115,-6.73517,138,33.761959,17.2,72,Clouds,0.32,0,40
4/22/2021,8:46:24,95.78,31.63,D,33.978115,-6.73517,138,33.761959,17.2,72,Clouds,0.32,0,40
4/22/2021,8:46:25,95.78,33.74,D,33.978115,-6.73517,138,33.761959,17.2,72,Clouds,0.32,0,40
4/22/2021,8:46:26,95.76,34.29,D,33.978115,-6.73517,138,33.761959,17.2,72,Clouds,0.32,0,40
4/22/2021,8:46:27,95.76,34.29,D,33.978115,-6.73517,138,33.761959,17.2,72,Clouds,0.32,0,40
4/22/2021,8:46:28,95.74,34.85,D,33.978115,-6.73517,138,33.761959,17.2,72,Clouds,0.32,0,40
4/22/2021,8:46:29,95.72,34.85,D,33.978115,-6.73517,138,33.761959,17.2,72,Clouds,0.32,0,40
4/22/2021,8:46:30,95.72,34.85,D,33.978115,-6.73517,138,33.761959,17.2,72,Clouds,0.32,0,40
4/22/2021,8:46:31,95.7,34.85,D,33.978115,-6.73517,138,33.761959,17.2,72,Clouds,0.32,0,40
4/22/2021,8:46:32,95.68,34.85,D,33.978115,-6.73517,138,33.761959,17.2,72,Clouds,0.32,0,40
4/22/2021,8:46:33,95.66,34.85,D,33.978115,-6.73517,138,33.761959,17.2,72,Clouds,0.32,0,40
4/22/2021,8:46:34,95.64,34.85,D,33.978115,-6.73517,138,33.761959,17.2,72,Clouds,0.32,0,40
4/22/2021,8:46:35,95.62,37.96,D,33.978115,-6.73517,138,33.761959,17.2,72,Clouds,0.32,0,40
4/22/2021,8:46:36,95.62,38.96,D,33.977787,-6.736543,138,33.761959,17.2,72,Clouds,0.32,0,40
4/22/2021,8:46:37,95.6,38.96,D,33.977787,-6.736543,138,33.761959,17.2,72,Clouds,0.32,0,40
4/22/2021,8:46:38,95.6,38.96,D,33.977787,-6.736543,138,33.761959,17.2,72,Clouds,0.32,0,40
4/22/2021,8:46:39,95.6,38.96,D,33.977787,-6.736543,138,33.761959,17.2,72,Clouds,0.32,0,40
4/22/2021,8:46:40,95.6,38.96,D,33.977787,-6.736543,138,33.761959,17.2,72,Clouds,0.32,0,40
4/22/2021,8:46:41,95.6,38.96,D,33.977787,-6.736543,138,33.761959,17.2,72,Clouds,0.32,0,40
4/22/2021,8:46:42,95.6,38.96,D,33.977787,-6.736543,138,33.761959,17.2,72,Clouds,0.32,0,40
4/22/2021,8:46:43,95.6,38.96,D,33.977787,-6.736543,138,33.761959,17.2,72,Clouds,0.32,0,40
4/22/2021,8:46:44,95.6,38.96,D,33.977787,-6.736543,138,33.761959,17.2,72,Clouds,0.32,0,40
4/22/2021,8:46:45,95.6,38.96,D,33.977787,-6.736543,138,33.761959,17.2,72,Clouds,0.32,0,40
4/22/2021,8:46:46,95.6,38.96,D,33.977787,-6.736543,138,33.761959,17.2,72,Clouds,0.32,0,40
4/22/2021,8:46:47,95.6,38.96,D,33.977787,-6.736543,138,33.761959,17.2,72,Clouds,0.32,0,40
4/22/2021,8:46:48,95.6,38.96,D,33.977787,-6.736543,138,33.761959,17.2,72,Clouds,0.32,0,40
4/22/2021,8:46:49,95.6,38.96,D,33.977787,-6.736543,138,33.761959,17.2,72,Clouds,0.32,0,40
4/22/2021,8:46:50,95.6,18.42,D,33.977787,-6.736543,138,33.761959,17.2,72,Clouds,0.32,0,40
4/22/2021,8:46:51,95.6,18.42,D,33.977787,-6.736543,138,33.761959,17.2,72,Clouds,0.32,0,40
4/22/2021,8:46:52,95.6,18.42,D,33.977787,-6.736543,138,33.761959,17.2,72,Clouds,0.32,0,40
4/22/2021,8:46:53,95.6,17.98,D,33.977787,-6.736543,138,33.761959,17.2,72,Clouds,0.32,0,40
4/22/2021,8:46:54,95.58,17.98,D,33.977787,-6.736543,138,33.761959,17.2,72,Clouds,0.32,0,40
4/22/2021,8:46:55,95.58,17.98,D,33.977787,-6.736543,138,33.761959,17.2,72,Clouds,0.32,0,40
4/22/2021,8:46:56,95.56,17.98,D,33.978279,-6.73796,139,33.761959,17.2,72,Clouds,0.32,0,40
4/22/2021,8:46:57,95.54,22.08,D,33.978279,-6.73796,139,33.761959,17.2,72,Clouds,0.32,0,40
4/22/2021,8:46:58,95.54,23.19,D,33.978279,-6.73796,139,33.761959,17.2,72,Clouds,0.32,0,40
4/22/2021,8:46:59,95.52,24.75,D,33.978279,-6.73796,139,33.761959,17.2,72,Clouds,0.32,0,40
4/22/2021,8:47:00,95.52,24.75,D,33.978279,-6.73796,139,33.761959,17.2,72,Clouds,0.32,0,40
4/22/2021,8:47:01,95.5,26.75,D,33.978279,-6.73796,139,33.761959,17.2,72,Clouds,0.32,0,40
4/22/2021,8:47:02,95.48,27.41,D,33.978279,-6.73796,139,33.761959,17.2,72,Clouds,0.32,0,40
4/22/2021,8:47:03,95.48,29.52,D,33.978279,-6.73796,139,33.761959,17.2,72,Clouds,0.32,0,40
4/22/2021,8:47:04,95.46,30.3,D,33.978279,-6.73796,139,33.761959,17.2,72,Clouds,0.32,0,40
4/22/2021,8:47:05,95.44,30.3,D,33.978279,-6.73796,139,33.761959,17.2,72,Clouds,0.32,0,60
4/22/2021,8:47:06,95.44,31.63,D,33.978279,-6.73796,139,33.761959,17.2,72,Clouds,0.32,0,60
4/22/2021,8:47:07,95.42,33.3,D,33.978279,-6.73796,139,33.761959,17.2,72,Clouds,0.32,0,60
4/22/2021,8:47:08,95.4,33.74,D,33.978279,-6.73796,139,33.761959,17.2,72,Clouds,0.32,0,60
4/22/2021,8:47:09,95.4,33.74,D,33.978279,-6.73796,139,33.761959,17.2,72,Clouds,0.32,0,60
4/22/2021,8:47:10,95.38,34.85,D,33.978279,-6.73796,139,33.761959,17.2,72,Clouds,0.32,0,60
4/22/2021,8:47:11,95.38,34.85,D,33.978279,-6.73796,139,33.761959,17.2,72,Clouds,0.32,0,60
4/22/2021,8:47:12,95.36,34.85,D,33.978279,-6.73796,139,33.761959,17.2,72,Clouds,0.32,0,40
4/22/2021,8:47:13,95.36,34.85,D,33.978279,-6.73796,139,33.761959,17.2,72,Clouds,0.32,0,40
4/22/2021,8:47:14,95.34,34.85,D,33.978279,-6.73796,139,33.761959,17.2,72,Clouds,0.32,0,40
4/22/2021,8:47:15,95.32,34.85,D,33.979229,-6.739418,139,35.02132,17.2,72,Clouds,0.32,0,40
4/22/2021,8:47:16,95.3,34.85,D,33.979229,-6.739418,139,35.02132,17.2,72,Clouds,0.32,0,40
4/22/2021,8:47:17,95.3,34.29,D,33.979229,-6.739418,139,35.02132,17.2,72,Clouds,0.32,0,40
4/22/2021,8:47:18,95.28,34.29,D,33.979229,-6.739418,139,35.02132,17.2,72,Clouds,0.32,0,40
4/22/2021,8:47:19,95.28,34.29,D,33.979229,-6.739418,139,35.02132,17.2,72,Clouds,0.32,0,40
4/22/2021,8:47:20,95.26,34.29,D,33.979229,-6.739418,139,35.02132,17.2,72,Clouds,0.32,0,40
4/22/2021,8:47:21,95.24,34.85,D,33.979229,-6.739418,139,35.02132,17.2,72,Clouds,0.32,0,40
4/22/2021,8:47:22,95.24,34.85,D,33.979229,-6.739418,139,35.02132,17.2,72,Clouds,0.32,0,40
4/22/2021,8:47:23,95.22,34.29,D,33.979229,-6.739418,139,35.02132,17.2,72,Clouds,0.32,0,40
4/22/2021,8:47:24,95.2,34.29,D,33.979229,-6.739418,139,35.02132,17.2,72,Clouds,0.32,0,40
4/22/2021,8:47:25,95.2,34.29,D,33.979229,-6.739418,139,35.02132,17.2,72,Clouds,0.32,0,40
4/22/2021,8:47:26,95.18,34.85,D,33.979229,-6.739418,139,35.02132,17.2,72,Clouds,0.32,0,40
4/22/2021,8:47:27,95.16,34.85,D,33.979229,-6.739418,139,35.02132,17.2,72,Clouds,0.32,0,40
4/22/2021,8:47:28,95.16,34.85,D,33.979229,-6.739418,139,35.02132,17.2,72,Clouds,0.32,0,40
4/22/2021,8:47:29,95.14,34.29,D,33.979229,-6.739418,139,35.02132,17.2,72,Clouds,0.32,0,40
4/22/2021,8:47:30,95.14,34.29,D,33.979229,-6.739418,139,35.02132,17.2,72,Clouds,0.32,0,40
4/22/2021,8:47:31,95.12,34.29,D,33.980305,-6.740412,142,35.02132,17.2,72,Clouds,0.32,0,40
4/22/2021,8:47:32,95.12,34.29,D,33.980305,-6.740412,142,35.02132,17.2,72,Clouds,0.32,0,40
4/22/2021,8:47:33,95.08,34.29,D,33.980305,-6.740412,142,35.02132,17.2,72,Clouds,0.32,0,40
4/22/2021,8:47:34,95.06,34.85,D,33.980305,-6.740412,142,35.02132,17.2,72,Clouds,0.32,0,40
4/22/2021,8:47:35,95.06,34.85,D,33.980305,-6.740412,142,35.02132,17.2,72,Clouds,0.32,0,40
4/22/2021,8:47:36,95.06,35.85,D,33.980305,-6.740412,142,35.02132,17.2,72,Clouds,0.32,0,40
4/22/2021,8:47:37,95.06,35.85,D,33.980305,-6.740412,142,35.02132,17.2,72,Clouds,0.32,0,40
4/22/2021,8:47:38,95.02,36.4,D,33.980915,-6.740303,142,36.317719,17.2,72,Clouds,0.32,0,40
4/22/2021,8:47:39,95,36.4,D,33.980915,-6.740303,142,36.317719,17.2,72,Clouds,0.32,0,40
4/22/2021,8:47:40,95,36.85,D,33.980915,-6.740303,142,36.317719,17.2,72,Clouds,0.32,0,40
4/22/2021,8:47:41,95,36.85,D,33.980915,-6.740303,142,36.317719,17.2,72,Clouds,0.32,0,40
4/22/2021,8:47:42,94.98,37.4,D,33.980915,-6.740303,142,36.317719,17.2,72,Clouds,0.32,0,40
4/22/2021,8:47:43,94.96,37.4,D,33.980915,-6.740303,142,36.317719,17.2,72,Clouds,0.32,0,40
4/22/2021,8:47:44,94.96,37.4,D,33.980915,-6.740303,142,36.317719,17.2,72,Clouds,0.32,0,40
4/22/2021,8:47:45,94.96,35.29,D,33.980915,-6.740303,142,36.317719,17.2,72,Clouds,0.32,0,40
4/22/2021,8:47:46,94.96,35.29,D,33.980915,-6.740303,142,36.317719,17.2,72,Clouds,0.32,0,40
4/22/2021,8:47:47,94.96,35.29,D,33.980915,-6.740303,142,36.317719,17.2,72,Clouds,0.32,0,40
4/22/2021,8:47:48,94.96,34.29,D,33.980915,-6.740303,142,36.317719,17.2,72,Clouds,0.32,0,40
4/22/2021,8:47:49,94.96,34.29,D,33.980915,-6.740303,142,36.317719,17.2,72,Clouds,0.32,0,40
4/22/2021,8:47:50,94.96,34.29,D,33.980915,-6.740303,142,36.317719,17.2,72,Clouds,0.32,0,40
4/22/2021,8:47:51,94.94,33.3,D,33.980915,-6.740303,142,36.317719,17.2,72,Clouds,0.32,0,40
4/22/2021,8:47:52,94.94,33.3,D,33.980915,-6.740303,142,36.317719,17.2,72,Clouds,0.32,0,40
4/22/2021,8:47:53,94.94,32.74,D,33.980915,-6.740303,142,36.317719,17.2,72,Clouds,0.32,0,40
4/22/2021,8:47:54,94.94,32.74,D,33.981831,-6.739455,142,33.447121,17.2,72,Clouds,0.32,0,40
4/22/2021,8:47:55,94.94,33.3,D,33.981831,-6.739455,142,33.447121,17.2,72,Clouds,0.32,0,40
4/22/2021,8:47:56,94.94,33.3,D,33.981831,-6.739455,142,33.447121,17.2,72,Clouds,0.32,0,40
4/22/2021,8:47:57,94.94,33.3,D,33.981831,-6.739455,142,33.447121,17.2,72,Clouds,0.32,0,40
4/22/2021,8:47:58,94.94,33.3,D,33.981831,-6.739455,142,33.447121,17.2,72,Clouds,0.32,0,40
4/22/2021,8:47:59,94.94,33.3,D,33.981831,-6.739455,142,33.447121,17.2,72,Clouds,0.32,0,40
4/22/2021,8:48:00,94.94,33.3,D,33.981831,-6.739455,142,33.447121,17.2,72,Clouds,0.32,0,40
4/22/2021,8:48:01,94.92,33.3,D,33.981831,-6.739455,142,33.447121,17.2,72,Clouds,0.32,0,40
4/22/2021,8:48:02,94.92,33.3,D,33.981831,-6.739455,142,33.447121,17.2,72,Clouds,0.32,0,40
4/22/2021,8:48:03,94.92,33.3,D,33.981831,-6.739455,142,33.447121,17.2,72,Clouds,0.32,0,40
4/22/2021,8:48:04,94.94,33.3,D,33.981831,-6.739455,142,33.447121,17.2,72,Clouds,0.32,0,40
4/22/2021,8:48:05,94.94,33.3,D,33.981831,-6.739455,142,33.447121,17.2,72,Clouds,0.32,0,40
4/22/2021,8:48:06,94.94,32.19,D,33.981831,-6.739455,142,33.447121,17.2,72,Clouds,0.32,0,40
4/22/2021,8:48:07,94.92,32.19,D,33.981831,-6.739455,142,33.447121,17.2,72,Clouds,0.32,0,40
4/22/2021,8:48:08,94.92,32.19,D,33.981831,-6.739455,142,33.447121,17.2,72,Clouds,0.32,0,40
4/22/2021,8:48:09,94.92,32.19,D,33.981831,-6.739455,142,33.447121,17.2,72,Clouds,0.32,0,80
4/22/2021,8:48:10,94.92,32.19,D,33.981831,-6.739455,142,33.447121,17.2,72,Clouds,0.32,0,80
4/22/2021,8:48:11,94.9,32.19,D,33.981152,-6.740273,142,34.00272,17.2,72,Clouds,0.32,0,80
4/22/2021,8:48:12,94.88,32.19,D,33.981152,-6.740273,142,34.00272,17.2,72,Clouds,0.32,0,80
4/22/2021,8:48:13,94.88,32.19,D,33.981152,-6.740273,142,34.00272,17.2,72,Clouds,0.32,0,80
4/22/2021,8:48:14,94.86,32.19,D,33.981152,-6.740273,142,34.00272,17.2,72,Clouds,0.32,0,80
4/22/2021,8:48:15,94.84,39.51,D,33.981152,-6.740273,142,34.00272,17.2,72,Clouds,0.32,0,80
4/22/2021,8:48:16,94.82,39.51,D,33.981152,-6.740273,142,34.00272,17.2,72,Clouds,0.32,0,80
4/22/2021,8:48:17,94.82,39.51,D,33.981152,-6.740273,142,34.00272,17.2,72,Clouds,0.32,0,80
4/22/2021,8:48:18,94.8,39.51,D,33.981152,-6.740273,142,34.00272,17.2,72,Clouds,0.32,0,80
4/22/2021,8:48:19,94.78,39.51,D,33.981152,-6.740273,142,34.00272,17.2,72,Clouds,0.32,0,80
4/22/2021,8:48:20,94.76,46.73,D,33.981529,-6.741418,132,34.00272,17.2,72,Clouds,0.32,0,80
4/22/2021,8:48:21,94.74,48.84,D,33.981529,-6.741418,132,34.00272,17.2,72,Clouds,0.32,0,80
4/22/2021,8:48:22,94.72,48.84,D,33.981529,-6.741418,132,34.00272,17.2,72,Clouds,0.32,0,80
4/22/2021,8:48:23,94.7,48.84,D,33.981529,-6.741418,132,34.00272,17.2,72,Clouds,0.32,0,80
4/22/2021,8:48:24,94.68,53.05,D,33.981529,-6.741418,132,34.00272,17.2,72,Clouds,0.32,0,80
4/22/2021,8:48:25,94.66,55.61,D,33.981529,-6.741418,132,34.00272,17.2,72,Clouds,0.32,0,80
4/22/2021,8:48:26,94.64,57.16,D,33.981529,-6.741418,132,34.00272,17.2,72,Clouds,0.32,0,80
4/22/2021,8:48:27,94.62,58.71,D,33.981529,-6.741418,132,34.00272,17.2,72,Clouds,0.32,0,80
4/22/2021,8:48:28,94.6,58.71,D,33.981529,-6.741418,132,34.00272,17.2,72,Clouds,0.32,0,80
4/22/2021,8:48:29,94.58,58.71,D,33.981529,-6.741418,132,34.00272,17.2,72,Clouds,0.32,0,80
4/22/2021,8:48:30,94.54,63.38,D,33.982323,-6.742771,129,34.00272,17.2,72,Clouds,0.32,0,80
4/22/2021,8:48:31,94.52,63.38,D,33.982323,-6.742771,129,34.00272,17.2,72,Clouds,0.32,0,80
4/22/2021,8:48:32,94.5,66.6,D,33.982323,-6.742771,129,34.00272,17.2,72,Clouds,0.32,0,80
4/22/2021,8:48:33,94.48,69.15,D,33.982323,-6.742771,129,34.00272,17.2,72,Clouds,0.32,0,80
4/22/2021,8:48:34,94.46,69.7,D,33.982323,-6.742771,129,34.00272,17.2,72,Clouds,0.32,0,80
4/22/2021,8:48:35,94.4,72.81,D,33.982323,-6.742771,129,34.00272,17.2,72,Clouds,0.32,0,80
4/22/2021,8:48:36,94.38,74.37,D,33.982323,-6.742771,129,34.00272,17.2,72,Clouds,0.32,0,80
4/22/2021,8:48:37,94.34,76.47,D,33.982323,-6.742771,129,34.00272,17.2,72,Clouds,0.32,0,80
4/22/2021,8:48:38,94.32,78.03,D,33.982323,-6.742771,129,34.00272,17.2,72,Clouds,0.32,0,80
4/22/2021,8:48:39,94.3,80.03,D,33.9832,-6.743766,121,34.00272,17.2,72,Clouds,0.32,0,80
4/22/2021,8:48:40,94.28,80.03,D,33.9832,-6.743766,121,34.00272,17.2,72,Clouds,0.32,0,80
4/22/2021,8:48:41,94.28,80.03,D,33.9832,-6.743766,121,34.00272,17.2,72,Clouds,0.32,0,80
4/22/2021,8:48:42,94.28,80.03,D,33.9832,-6.743766,121,34.00272,17.2,72,Clouds,0.32,0,80
4/22/2021,8:48:43,94.28,80.03,D,33.9832,-6.743766,121,34.00272,17.2,72,Clouds,0.32,0,80
4/22/2021,8:48:44,94.26,80.58,D,33.9832,-6.743766,121,34.00272,17.2,72,Clouds,0.32,0,80
4/22/2021,8:48:45,94.24,81.14,D,33.9832,-6.743766,121,34.00272,17.2,72,Clouds,0.32,0,80
4/22/2021,8:48:46,94.24,81.14,D,33.9832,-6.743766,121,34.00272,17.2,72,Clouds,0.32,0,80
4/22/2021,8:48:47,94.24,81.14,D,33.9832,-6.743766,121,34.00272,17.2,72,Clouds,0.32,0,80
4/22/2021,8:48:48,94.24,81.14,D,33.9832,-6.743766,121,34.00272,17.2,72,Clouds,0.32,0,80
4/22/2021,8:48:49,94.22,81.14,D,33.9832,-6.743766,121,34.00272,17.2,72,Clouds,0.32,0,80
4/22/2021,8:48:50,94.22,80.58,D,33.9832,-6.743766,121,34.00272,17.2,72,Clouds,0.32,0,80
4/22/2021,8:48:51,94.22,80.58,D,33.985035,-6.746853,99,34.00272,17.2,72,Clouds,0.32,0,80
4/22/2021,8:48:52,94.24,79.58,D,33.985035,-6.746853,99,34.00272,17.2,72,Clouds,0.32,0,80
4/22/2021,8:48:53,94.24,79.58,D,33.985035,-6.746853,99,34.00272,17.2,72,Clouds,0.32,0,80
4/22/2021,8:48:54,94.22,79.58,D,33.985035,-6.746853,99,34.00272,17.2,72,Clouds,0.32,0,80
4/22/2021,8:48:55,94.22,80.03,D,33.985035,-6.746853,99,34.00272,17.2,72,Clouds,0.32,0,80
4/22/2021,8:48:56,94.2,80.58,D,33.985035,-6.746853,99,34.00272,17.2,72,Clouds,0.32,0,80
4/22/2021,8:48:57,94.2,80.58,D,33.985035,-6.746853,99,34.00272,17.2,72,Clouds,0.32,0,80
4/22/2021,8:48:58,94.2,80.58,D,33.985111,-6.748523,88,34.00272,17.2,72,Clouds,0.32,0,80
4/22/2021,8:48:59,94.2,80.58,D,33.985111,-6.748523,88,34.00272,17.2,72,Clouds,0.32,0,80
4/22/2021,8:49:00,94.2,80.58,D,33.985111,-6.748523,88,34.00272,17.2,72,Clouds,0.32,0,80
4/22/2021,8:49:01,94.2,80.58,D,33.985111,-6.748523,88,34.00272,17.2,72,Clouds,0.32,0,80
4/22/2021,8:49:02,94.2,80.58,D,33.985111,-6.748523,88,34.00272,17.2,72,Clouds,0.32,0,80
4/22/2021,8:49:03,94.2,80.58,D,33.985111,-6.748523,88,34.00272,17.2,72,Clouds,0.32,0,80
4/22/2021,8:49:04,94.2,80.58,D,33.985111,-6.748523,88,34.00272,17.2,72,Clouds,0.32,0,80
4/22/2021,8:49:05,94.18,80.58,D,33.985111,-6.748523,88,34.00272,17.2,72,Clouds,0.32,0,80
4/22/2021,8:49:06,94.18,80.58,D,33.985111,-6.748523,88,34.00272,17.2,72,Clouds,0.32,0,80
4/22/2021,8:49:07,94.18,80.58,D,33.985111,-6.748523,88,34.00272,17.2,72,Clouds,0.32,0,80
4/22/2021,8:49:08,94.18,80.58,D,33.984604,-6.750864,88,80.376801,17.2,72,Clouds,0.32,0,80
4/22/2021,8:49:09,94.18,80.58,D,33.984604,-6.750864,88,80.376801,17.2,72,Clouds,0.32,0,80
4/22/2021,8:49:10,94.18,80.58,D,33.984604,-6.750864,88,80.376801,17.2,72,Clouds,0.32,0,80
4/22/2021,8:49:11,94.18,80.58,D,33.984604,-6.750864,88,80.376801,17.2,72,Clouds,0.32,0,80
4/22/2021,8:49:12,94.16,80.58,D,33.984604,-6.750864,88,80.376801,17.2,72,Clouds,0.32,0,80
4/22/2021,8:49:13,94.16,80.58,D,33.984604,-6.750864,88,80.376801,17.5,72,Clouds,0.17,0,80
4/22/2021,8:49:14,94.16,80.58,D,33.984604,-6.750864,88,80.376801,17.5,72,Clouds,0.17,0,80
4/22/2021,8:49:15,94.16,80.58,D,33.984604,-6.750864,88,80.376801,17.5,72,Clouds,0.17,0,80
4/22/2021,8:49:16,94.16,80.58,D,33.984604,-6.750864,88,80.376801,17.5,72,Clouds,0.17,0,80
4/22/2021,8:49:17,94.16,80.58,D,33.984703,-6.75325,51,80.376801,17.5,72,Clouds,0.17,0,80
4/22/2021,8:49:18,94.16,80.58,D,33.984703,-6.75325,51,80.376801,17.5,72,Clouds,0.17,0,80
4/22/2021,8:49:19,94.14,80.58,D,33.984703,-6.75325,51,80.376801,17.5,72,Clouds,0.17,0,80
4/22/2021,8:49:20,94.14,80.58,D,33.984703,-6.75325,51,80.376801,17.5,72,Clouds,0.17,0,80
4/22/2021,8:49:21,94.14,80.58,D,33.984703,-6.75325,51,80.376801,17.5,72,Clouds,0.17,0,80
4/22/2021,8:49:22,94.14,80.58,D,33.984703,-6.75325,51,80.376801,17.5,72,Clouds,0.17,0,80
4/22/2021,8:49:23,94.14,80.58,D,33.984703,-6.75325,51,80.376801,17.5,72,Clouds,0.17,0,80
4/22/2021,8:49:24,94.14,80.58,D,33.984703,-6.75325,51,80.376801,17.5,72,Clouds,0.17,0,80
4/22/2021,8:49:25,94.14,80.58,D,33.984703,-6.75325,51,80.376801,17.5,72,Clouds,0.17,0,80
4/22/2021,8:49:26,94.14,80.58,D,33.984703,-6.75325,51,80.376801,17.5,72,Clouds,0.17,0,80
4/22/2021,8:49:27,94.14,80.58,D,33.984703,-6.75325,51,80.376801,17.5,72,Clouds,0.17,0,80
4/22/2021,8:49:28,94.14,80.58,D,33.984703,-6.75325,51,80.376801,17.5,72,Clouds,0.17,0,80
4/22/2021,8:49:29,94.14,80.58,D,33.984322,-6.756408,51,81.32132,17.5,72,Clouds,0.17,0,80
4/22/2021,8:49:30,94.14,81.14,D,33.984322,-6.756408,51,81.32132,17.5,72,Clouds,0.17,0,80
4/22/2021,8:49:31,94.14,81.14,D,33.984322,-6.756408,51,81.32132,17.5,72,Clouds,0.17,0,80
4/22/2021,8:49:32,94.14,81.58,D,33.984322,-6.756408,41,81.32132,17.5,72,Clouds,0.17,0,80
4/22/2021,8:49:33,94.14,81.58,D,33.984322,-6.756408,41,81.32132,17.5,72,Clouds,0.17,0,80
4/22/2021,8:49:34,94.14,80.58,D,33.984322,-6.756408,41,81.32132,17.5,72,Clouds,0.17,0,80
4/22/2021,8:49:35,94.16,80.58,D,33.984322,-6.756408,41,81.32132,17.5,72,Clouds,0.17,0,80
4/22/2021,8:49:36,94.16,80.58,D,33.984322,-6.756408,41,81.32132,17.5,72,Clouds,0.17,0,80
4/22/2021,8:49:37,94.16,80.58,D,33.984322,-6.756408,41,81.32132,17.5,72,Clouds,0.17,0,80
4/22/2021,8:49:38,94.16,79.03,D,33.984322,-6.756408,41,81.32132,17.5,72,Clouds,0.17,0,80
4/22/2021,8:49:39,94.18,79.03,D,33.984322,-6.756408,41,81.32132,17.5,72,Clouds,0.17,0,80
4/22/2021,8:49:40,94.18,79.58,D,33.984322,-6.756408,41,81.32132,17.5,72,Clouds,0.17,0,80
4/22/2021,8:49:41,94.18,79.58,D,33.984322,-6.756408,41,81.32132,17.5,72,Clouds,0.17,0,80
4/22/2021,8:49:42,94.18,80.03,D,33.984859,-6.759447,25,81.32132,17.5,72,Clouds,0.17,0,80
4/22/2021,8:49:43,94.18,80.03,D,33.984859,-6.759447,25,81.32132,17.5,72,Clouds,0.17,0,80
4/22/2021,8:49:44,94.18,80.03,D,33.984859,-6.759447,25,81.32132,17.5,72,Clouds,0.17,0,80
4/22/2021,8:49:45,94.18,80.03,D,33.984859,-6.759447,25,81.32132,17.5,72,Clouds,0.17,0,80
4/22/2021,8:49:46,94.18,80.03,D,33.985306,-6.760253,25,80.969437,17.5,72,Clouds,0.17,0,80
4/22/2021,8:49:47,94.18,80.58,D,33.985306,-6.760253,25,80.969437,17.5,72,Clouds,0.17,0,80
4/22/2021,8:49:48,94.16,80.58,D,33.985306,-6.760253,25,80.969437,17.5,72,Clouds,0.17,0,80
4/22/2021,8:49:49,94.16,80.03,D,33.985306,-6.760253,25,80.969437,17.5,72,Clouds,0.17,0,80
4/22/2021,8:49:50,94.16,79.58,D,33.985306,-6.760253,25,80.969437,17.5,72,Clouds,0.17,0,80
4/22/2021,8:49:51,94.18,79.58,D,33.985306,-6.760253,25,80.969437,17.5,72,Clouds,0.17,0,60
4/22/2021,8:49:52,94.18,78.47,D,33.985306,-6.760253,25,80.969437,17.5,72,Clouds,0.17,0,60
4/22/2021,8:49:53,94.18,78.47,D,33.985306,-6.760253,25,80.969437,17.5,72,Clouds,0.17,0,60
4/22/2021,8:49:54,94.18,76.47,D,33.985306,-6.760253,25,80.969437,17.5,72,Clouds,0.17,0,60
4/22/2021,8:49:55,94.18,76.47,D,33.985306,-6.760253,25,80.969437,17.5,72,Clouds,0.17,0,60
4/22/2021,8:49:56,94.18,76.47,D,33.985306,-6.760253,25,80.969437,17.5,72,Clouds,0.17,0,60
4/22/2021,8:49:57,94.18,76.47,D,33.985306,-6.760253,25,80.969437,17.5,72,Clouds,0.17,0,60
4/22/2021,8:49:58,94.18,70.15,D,33.985306,-6.760253,25,80.969437,17.5,72,Clouds,0.17,0,60
4/22/2021,8:49:59,94.18,70.15,D,33.987156,-6.762298,14,80.969437,17.5,72,Clouds,0.17,0,60
4/22/2021,8:50:00,94.18,70.15,D,33.987156,-6.762298,14,80.969437,17.5,72,Clouds,0.17,0,60
4/22/2021,8:50:01,94.18,70.15,D,33.987156,-6.762298,14,80.969437,17.5,72,Clouds,0.17,0,60
4/22/2021,8:50:02,94.18,70.15,D,33.987156,-6.762298,14,80.969437,17.5,72,Clouds,0.17,0,60
4/22/2021,8:50:03,94.18,70.15,D,33.987156,-6.762298,14,80.969437,17.5,72,Clouds,0.17,0,60
4/22/2021,8:50:04,94.18,70.15,D,33.987156,-6.762298,14,80.969437,17.5,72,Clouds,0.17,0,60
4/22/2021,8:50:05,94.2,70.15,D,33.987156,-6.762298,14,80.969437,17.5,72,Clouds,0.17,0,60
4/22/2021,8:50:06,94.2,70.15,D,33.987156,-6.762298,14,80.969437,17.5,72,Clouds,0.17,0,60
4/22/2021,8:50:07,94.2,60.27,D,33.987156,-6.762298,14,80.969437,17.5,72,Clouds,0.17,1,60
4/22/2021,8:50:08,94.2,58.27,D,33.988331,-6.763673,14,59.708481,17.5,72,Clouds,0.17,1,60
4/22/2021,8:50:09,94.2,58.27,D,33.988331,-6.763673,14,59.708481,17.5,72,Clouds,0.17,1,60
4/22/2021,8:50:10,94.2,58.27,D,33.988331,-6.763673,14,59.708481,17.5,72,Clouds,0.17,1,60
4/22/2021,8:50:11,94.18,56.61,D,33.988331,-6.763673,14,59.708481,17.5,72,Clouds,0.14,1,60
4/22/2021,8:50:12,94.16,57.16,D,33.988331,-6.763673,14,59.708481,17.5,72,Clouds,0.14,1,60
4/22/2021,8:50:13,94.12,59.27,D,33.988331,-6.763673,14,59.708481,17.5,72,Clouds,0.14,1,60
4/22/2021,8:50:14,94.12,58.27,D,33.988331,-6.763673,14,59.708481,17.5,72,Clouds,0.14,1,60
4/22/2021,8:50:15,94.12,57.16,D,33.988331,-6.763673,14,59.708481,17.5,72,Clouds,0.14,1,60
4/22/2021,8:50:16,94.1,56.16,D,33.988331,-6.763673,14,59.708481,17.5,72,Clouds,0.14,1,60
4/22/2021,8:50:17,94.1,56.16,D,33.988331,-6.763673,14,59.708481,17.5,72,Clouds,0.14,1,60
4/22/2021,8:50:18,94.08,56.16,D,33.988331,-6.763673,14,59.708481,17.5,72,Clouds,0.14,1,60
4/22/2021,8:50:19,94.08,56.16,D,33.988331,-6.763673,14,59.708481,17.5,72,Clouds,0.14,1,60
4/22/2021,8:50:20,94.06,56.16,D,33.988331,-6.763673,14,59.708481,17.5,72,Clouds,0.14,1,60
4/22/2021,8:50:21,94.06,54.61,D,33.988331,-6.763673,14,59.708481,17.5,72,Clouds,0.14,1,60
4/22/2021,8:50:22,94.04,54.61,D,33.988331,-6.763673,14,59.708481,17.5,72,Clouds,0.14,1,60
4/22/2021,8:50:23,94.04,54.61,D,33.988331,-6.763673,14,59.708481,17.5,72,Clouds,0.14,1,60
4/22/2021,8:50:24,94.02,54.05,D,33.988331,-6.763673,14,59.708481,17.5,72,Clouds,0.14,1,60
4/22/2021,8:50:25,94.02,54.05,D,33.988331,-6.763673,14,59.708481,17.5,72,Clouds,0.14,1,60
4/22/2021,8:50:26,94,53.5,D,33.988331,-6.763673,14,59.708481,17.5,72,Clouds,0.14,1,60
4/22/2021,8:50:27,94,53.5,D,33.989052,-6.76669,12,59.708481,17.5,72,Clouds,0.14,1,60
4/22/2021,8:50:28,93.98,53.05,D,33.989052,-6.76669,12,59.708481,17.5,72,Clouds,0.14,1,60
4/22/2021,8:50:29,93.96,53.05,D,33.989052,-6.76669,12,59.708481,17.5,72,Clouds,0.14,1,60
4/22/2021,8:50:30,93.94,53.05,D,33.989052,-6.76669,12,59.708481,17.5,72,Clouds,0.14,1,60
4/22/2021,8:50:31,93.92,53.05,D,33.989052,-6.76669,12,59.708481,17.5,72,Clouds,0.14,1,60
4/22/2021,8:50:32,93.92,53.05,D,33.989052,-6.76669,12,59.708481,17.5,72,Clouds,0.14,1,60
4/22/2021,8:50:33,93.9,53.05,D,33.989052,-6.76669,12,59.708481,17.5,72,Clouds,0.14,1,60
4/22/2021,8:50:34,93.88,53.05,D,33.989098,-6.767817,12,54.059879,17.5,72,Clouds,0.14,1,60
4/22/2021,8:50:35,93.86,53.05,D,33.989098,-6.767817,12,54.059879,17.5,72,Clouds,0.14,0,60
4/22/2021,8:50:36,93.84,53.05,D,33.989098,-6.767817,12,54.059879,17.5,72,Clouds,0.14,0,60
4/22/2021,8:50:37,93.82,53.05,D,33.989098,-6.767817,12,54.059879,17.5,72,Clouds,0.14,0,60
4/22/2021,8:50:38,93.8,53.05,D,33.989098,-6.767817,12,54.059879,17.5,72,Clouds,0.14,0,60
4/22/2021,8:50:39,93.78,53.05,D,33.989098,-6.767817,12,54.059879,17.5,72,Clouds,0.14,0,60
4/22/2021,8:50:40,93.76,53.05,D,33.989098,-6.767817,12,54.059879,17.5,72,Clouds,0.14,0,60
4/22/2021,8:50:41,93.74,56.61,D,33.989098,-6.767817,12,54.059879,17.5,72,Clouds,0.14,0,60
4/22/2021,8:50:42,93.72,56.61,D,33.989098,-6.767817,12,54.059879,17.5,72,Clouds,0.14,0,60
4/22/2021,8:50:43,93.7,57.16,D,33.989098,-6.767817,12,54.059879,17.5,72,Clouds,0.14,0,60
4/22/2021,8:50:44,93.66,57.16,D,33.989098,-6.767817,12,54.059879,17.5,72,Clouds,0.14,0,60
4/22/2021,8:50:45,93.66,57.16,D,33.989098,-6.767817,12,54.059879,17.5,72,Clouds,0.14,0,60
4/22/2021,8:50:46,93.6,57.16,D,33.989098,-6.767817,12,54.059879,17.5,72,Clouds,0.14,0,60
4/22/2021,8:50:47,93.58,57.16,D,33.989098,-6.767817,12,54.059879,17.5,72,Clouds,0.14,0,60
4/22/2021,8:50:48,93.56,57.16,D,33.989098,-6.767817,12,54.059879,17.5,72,Clouds,0.14,0,60
4/22/2021,8:50:49,93.54,57.16,D,33.989189,-6.770566,12,60.115917,17.5,72,Clouds,0.14,0,60
4/22/2021,8:50:50,93.52,60.27,D,33.989189,-6.770566,12,60.115917,17.5,72,Clouds,0.14,0,60
4/22/2021,8:50:51,93.5,61.38,D,33.989189,-6.770566,12,60.115917,17.5,72,Clouds,0.14,0,60
4/22/2021,8:50:52,93.46,61.38,D,33.989189,-6.770566,12,60.115917,17.5,72,Clouds,0.14,0,60
4/22/2021,8:50:53,93.44,61.38,D,33.989189,-6.770566,12,60.115917,17.5,72,Clouds,0.14,0,60
4/22/2021,8:50:54,93.42,62.93,D,33.989189,-6.770566,12,60.115917,17.5,72,Clouds,0.14,0,60
4/22/2021,8:50:55,93.4,62.93,D,33.989189,-6.770566,12,60.115917,17.5,72,Clouds,0.14,0,60
4/22/2021,8:50:56,93.38,63.38,D,33.989189,-6.770566,12,60.115917,17.5,72,Clouds,0.14,0,60
4/22/2021,8:50:57,93.34,63.93,D,33.989189,-6.770566,12,60.115917,17.5,72,Clouds,0.14,0,60
4/22/2021,8:50:58,93.34,63.38,D,33.989189,-6.770566,12,60.115917,17.5,72,Clouds,0.14,0,60
4/22/2021,8:50:59,93.32,63.38,D,33.989258,-6.772447,12,63.616199,17.5,72,Clouds,0.14,0,60
4/22/2021,8:51:00,93.32,62.93,D,33.989258,-6.772447,12,63.616199,17.5,72,Clouds,0.14,0,60
4/22/2021,8:51:01,93.28,62.38,D,33.989258,-6.772447,12,63.616199,17.5,72,Clouds,0.14,0,60
4/22/2021,8:51:02,93.26,61.82,D,33.989258,-6.772447,10,63.616199,17.5,72,Clouds,0.14,0,60
4/22/2021,8:51:03,93.26,61.82,D,33.989258,-6.772447,10,63.616199,17.5,72,Clouds,0.14,0,60
4/22/2021,8:51:04,93.24,61.38,D,33.989258,-6.772447,10,63.616199,17.5,72,Clouds,0.14,0,60
4/22/2021,8:51:05,93.22,61.38,D,33.989258,-6.772447,10,63.616199,17.5,72,Clouds,0.14,0,60
4/22/2021,8:51:06,93.2,61.38,D,33.989258,-6.772447,10,63.616199,17.5,72,Clouds,0.14,0,60
4/22/2021,8:51:07,93.2,61.38,D,33.989258,-6.772447,10,63.616199,17.5,72,Clouds,0.14,0,60
4/22/2021,8:51:08,93.18,61.38,D,33.989258,-6.772447,10,63.616199,17.5,72,Clouds,0.14,0,60
4/22/2021,8:51:09,93.16,61.38,D,33.989258,-6.772447,10,63.616199,17.5,72,Clouds,0.14,0,60
4/22/2021,8:51:10,93.16,60.27,D,33.989258,-6.772447,10,63.616199,17.5,72,Clouds,0.13,0,60
4/22/2021,8:51:11,93.12,59.27,D,33.989258,-6.772447,10,63.616199,17.5,72,Clouds,0.13,0,60
4/22/2021,8:51:12,93.12,59.27,D,33.989258,-6.772447,10,63.616199,17.5,72,Clouds,0.13,0,60
4/22/2021,8:51:13,93.12,59.27,D,33.989258,-6.772447,10,63.616199,17.5,72,Clouds,0.13,0,80
4/22/2021,8:51:14,93.08,58.71,D,33.989258,-6.772447,10,63.616199,17.5,72,Clouds,0.13,0,80
4/22/2021,8:51:15,93.08,59.27,D,33.989288,-6.77539,9,63.616199,17.5,72,Clouds,0.13,0,80
4/22/2021,8:51:16,93.06,59.27,D,33.989288,-6.77539,9,63.616199,17.5,72,Clouds,0.13,0,80
4/22/2021,8:51:17,93.06,59.27,D,33.989288,-6.77539,9,63.616199,17.5,72,Clouds,0.13,0,80
4/22/2021,8:51:18,93,59.82,D,33.989288,-6.77539,9,63.616199,17.5,72,Clouds,0.13,0,80
4/22/2021,8:51:19,92.98,59.82,D,33.989288,-6.77539,9,63.616199,17.5,72,Clouds,0.13,0,80
4/22/2021,8:51:20,92.98,59.82,D,33.989288,-6.77539,9,63.616199,17.5,72,Clouds,0.13,0,80
4/22/2021,8:51:21,92.98,59.82,D,33.989288,-6.77539,9,63.616199,17.5,72,Clouds,0.13,0,80
4/22/2021,8:51:22,92.98,61.38,D,33.989288,-6.77539,9,63.616199,17.5,72,Clouds,0.13,0,80
4/22/2021,8:51:23,92.98,61.82,D,33.989288,-6.77539,9,63.616199,17.5,72,Clouds,0.13,0,80
4/22/2021,8:51:24,92.86,61.38,D,33.989288,-6.77539,9,63.616199,17.5,72,Clouds,0.13,0,80
4/22/2021,8:51:25,92.86,61.38,D,33.989288,-6.77539,9,63.616199,17.5,72,Clouds,0.13,0,80
4/22/2021,8:51:26,92.82,61.82,D,33.989288,-6.77539,9,63.616199,17.5,72,Clouds,0.13,0,80
4/22/2021,8:51:27,92.78,62.38,D,33.989288,-6.77539,9,63.616199,17.5,72,Clouds,0.13,0,80
4/22/2021,8:51:28,92.78,62.93,D,33.988998,-6.777748,9,63.616199,17.5,72,Clouds,0.13,0,80
4/22/2021,8:51:29,92.74,62.93,D,33.988998,-6.777748,9,63.616199,17.5,72,Clouds,0.13,0,80
4/22/2021,8:51:30,92.74,62.93,D,33.988998,-6.777748,9,63.616199,17.5,72,Clouds,0.13,0,80
4/22/2021,8:51:31,92.7,62.93,D,33.988998,-6.777748,9,63.616199,17.5,72,Clouds,0.13,0,80
4/22/2021,8:51:32,92.66,63.38,D,33.988998,-6.777748,9,63.616199,17.5,72,Clouds,0.13,0,80
4/22/2021,8:51:33,92.66,63.93,D,33.988998,-6.777748,9,63.616199,17.5,72,Clouds,0.13,0,80
4/22/2021,8:51:34,92.66,63.93,D,33.988998,-6.777748,9,63.616199,17.5,72,Clouds,0.13,0,80
4/22/2021,8:51:35,92.6,63.93,D,33.988735,-6.779054,9,64.41256,17.5,72,Clouds,0.13,0,80
4/22/2021,8:51:36,92.6,63.93,D,33.988735,-6.779054,9,64.41256,17.5,72,Clouds,0.13,0,80
4/22/2021,8:51:37,92.58,63.93,D,33.988735,-6.779054,9,64.41256,17.5,72,Clouds,0.13,0,80
4/22/2021,8:51:38,92.52,63.93,D,33.988735,-6.779054,9,64.41256,17.5,72,Clouds,0.13,0,80
4/22/2021,8:51:39,92.5,63.93,D,33.988735,-6.779054,9,64.41256,17.5,72,Clouds,0.13,0,80
4/22/2021,8:51:40,92.48,64.49,D,33.988735,-6.779054,9,64.41256,17.5,72,Clouds,0.13,0,80
4/22/2021,8:51:41,92.46,64.49,D,33.988735,-6.779054,9,64.41256,17.5,72,Clouds,0.13,0,80
4/22/2021,8:51:42,92.44,64.49,D,33.988735,-6.779054,9,64.41256,17.5,72,Clouds,0.13,0,80
4/22/2021,8:51:43,92.4,64.49,D,33.988735,-6.779054,9,64.41256,17.5,72,Clouds,0.13,0,80
4/22/2021,8:51:44,92.38,64.49,D,33.988735,-6.779054,9,64.41256,17.5,72,Clouds,0.13,0,80
4/22/2021,8:51:45,92.36,63.93,D,33.988735,-6.779054,9,64.41256,17.5,72,Clouds,0.13,0,80
4/22/2021,8:51:46,92.34,63.93,D,33.988735,-6.779054,9,64.41256,17.5,72,Clouds,0.13,0,80
4/22/2021,8:51:47,92.32,64.49,D,33.988735,-6.779054,9,64.41256,17.5,72,Clouds,0.13,0,80
4/22/2021,8:51:48,92.3,64.49,D,33.988735,-6.779054,9,64.41256,17.5,72,Clouds,0.13,0,80
4/22/2021,8:51:49,92.28,64.49,D,33.988735,-6.779054,9,64.41256,17.5,72,Clouds,0.13,0,80
4/22/2021,8:51:50,92.24,64.93,D,33.988132,-6.782083,9,65.116318,17.5,72,Clouds,0.13,0,80
4/22/2021,8:51:51,92.22,64.93,D,33.988132,-6.782083,9,65.116318,17.5,72,Clouds,0.13,0,80
4/22/2021,8:51:52,92.18,64.93,D,33.988132,-6.782083,9,65.116318,17.5,72,Clouds,0.13,0,80
4/22/2021,8:51:53,92.16,64.93,D,33.988132,-6.782083,9,65.116318,17.5,72,Clouds,0.13,0,80
4/22/2021,8:51:54,92.12,64.93,D,33.988132,-6.782083,9,65.116318,17.5,72,Clouds,0.13,0,80
4/22/2021,8:51:55,92.1,64.93,D,33.988132,-6.782083,9,65.116318,17.5,72,Clouds,0.13,0,80
4/22/2021,8:51:56,92.08,64.93,D,33.988132,-6.782083,9,65.116318,17.5,72,Clouds,0.13,0,80
4/22/2021,8:51:57,92.06,64.93,D,33.988132,-6.782083,9,65.116318,17.5,72,Clouds,0.13,0,80
4/22/2021,8:51:58,92.04,64.93,D,33.988132,-6.782083,9,65.116318,17.5,72,Clouds,0.13,0,80
4/22/2021,8:51:59,92,64.93,D,33.988132,-6.782083,9,65.116318,17.5,72,Clouds,0.13,0,80
4/22/2021,8:52:00,91.98,64.93,D,33.988132,-6.782083,9,65.116318,17.5,72,Clouds,0.13,0,80
4/22/2021,8:52:01,91.96,64.93,D,33.988132,-6.782083,9,65.116318,17.5,72,Clouds,0.13,0,80
4/22/2021,8:52:02,91.94,64.93,D,33.988132,-6.782083,9,65.116318,17.5,72,Clouds,0.13,0,80
4/22/2021,8:52:03,91.92,64.93,D,33.988132,-6.782083,9,65.116318,17.5,72,Clouds,0.13,0,80
4/22/2021,8:52:04,91.86,64.93,D,33.988132,-6.782083,9,65.116318,17.5,72,Clouds,0.13,0,80
4/22/2021,8:52:05,91.84,64.93,D,33.987511,-6.785135,9,65.282997,17.5,72,Clouds,0.13,0,80
4/22/2021,8:52:06,91.82,64.93,D,33.987511,-6.785135,9,65.282997,17.5,72,Clouds,0.13,0,80
4/22/2021,8:52:07,91.8,64.93,D,33.987511,-6.785135,9,65.282997,17.5,72,Clouds,0.13,0,80
4/22/2021,8:52:08,91.78,64.93,D,33.987511,-6.785135,10,65.282997,17.5,72,Clouds,0.13,0,80
4/22/2021,8:52:09,91.74,64.93,D,33.987511,-6.785135,10,65.282997,17.5,72,Clouds,0.13,0,80
4/22/2021,8:52:10,91.72,64.93,D,33.987511,-6.785135,10,65.282997,17.5,72,Clouds,0.13,0,80
4/22/2021,8:52:11,91.7,64.93,D,33.987511,-6.785135,10,65.282997,17.5,72,Clouds,0.13,0,80
4/22/2021,8:52:12,91.66,64.93,D,33.987511,-6.785135,10,65.282997,17.5,72,Clouds,0.13,0,80
4/22/2021,8:52:13,91.64,64.93,D,33.987511,-6.785135,10,65.282997,17.5,72,Clouds,0.13,0,80
4/22/2021,8:52:14,91.6,65.49,D,33.987511,-6.785135,10,65.282997,17.5,72,Clouds,0.13,0,80
4/22/2021,8:52:15,91.58,66.6,D,33.987511,-6.785135,10,65.282997,17.5,72,Clouds,0.13,0,80
4/22/2021,8:52:16,91.56,66.04,D,33.987511,-6.785135,10,65.282997,17.5,72,Clouds,0.13,0,80
4/22/2021,8:52:17,91.52,66.04,D,33.987511,-6.785135,10,65.282997,17.5,72,Clouds,0.13,0,80
4/22/2021,8:52:18,91.48,66.6,D,33.987511,-6.785135,10,65.282997,17.5,72,Clouds,0.13,0,80
4/22/2021,8:52:19,91.46,66.6,D,33.987511,-6.785135,10,65.282997,17.5,72,Clouds,0.13,0,80
4/22/2021,8:52:20,91.44,66.6,D,33.987511,-6.785135,10,65.282997,17.5,72,Clouds,0.13,0,80
4/22/2021,8:52:21,91.4,66.6,D,33.987511,-6.785135,10,65.282997,17.5,72,Clouds,0.13,0,80
4/22/2021,8:52:22,91.38,66.6,D,33.987511,-6.785135,10,65.282997,17.5,72,Clouds,0.13,0,80
4/22/2021,8:52:23,91.36,66.6,D,33.987511,-6.785135,10,65.282997,17.5,72,Clouds,0.13,0,80
4/22/2021,8:52:24,91.34,66.6,D,33.987511,-6.785135,10,65.282997,17.5,72,Clouds,0.13,0,80
4/22/2021,8:52:25,91.32,67.04,D,33.987511,-6.785135,10,65.282997,17.5,72,Clouds,0.13,0,80
4/22/2021,8:52:26,91.28,67.04,D,33.987511,-6.785135,10,65.282997,17.5,72,Clouds,0.13,0,80
4/22/2021,8:52:27,91.26,67.59,D,33.987511,-6.785135,10,65.282997,17.5,72,Clouds,0.13,0,80
4/22/2021,8:52:28,91.24,67.59,D,33.987511,-6.785135,10,65.282997,17.5,72,Clouds,0.13,0,80
4/22/2021,8:52:29,91.22,66.6,D,33.986519,-6.789982,10,67.542442,17.5,72,Clouds,0.13,0,80
4/22/2021,8:52:30,91.2,67.04,D,33.986519,-6.789982,10,67.542442,17.5,72,Clouds,0.13,0,80
4/22/2021,8:52:31,91.18,66.6,D,33.986519,-6.789982,10,67.542442,17.5,72,Clouds,0.13,0,80
4/22/2021,8:52:32,91.12,66.6,D,33.986519,-6.789982,10,67.542442,17.5,72,Clouds,0.13,0,80
4/22/2021,8:52:33,91.1,66.6,D,33.986519,-6.789982,10,67.542442,17.5,72,Clouds,0.13,0,80
4/22/2021,8:52:34,91.08,66.6,D,33.986519,-6.789982,10,67.542442,17.5,72,Clouds,0.13,0,80
4/22/2021,8:52:35,91.06,66.04,D,33.986519,-6.789982,10,67.542442,17.5,72,Clouds,0.13,0,80
4/22/2021,8:52:36,91.04,66.04,D,33.986519,-6.789982,10,67.542442,17.5,72,Clouds,0.13,0,80
4/22/2021,8:52:37,91,64.93,D,33.986519,-6.789982,10,67.542442,17.5,72,Clouds,0.13,0,80
4/22/2021,8:52:38,90.98,64.93,D,33.986137,-6.791928,8,67.542442,17.5,72,Clouds,0.13,0,80
4/22/2021,8:52:39,90.96,64.93,D,33.986137,-6.791928,8,67.542442,17.5,72,Clouds,0.13,0,80
4/22/2021,8:52:40,90.94,64.49,D,33.986137,-6.791928,8,67.542442,17.5,72,Clouds,0.13,0,80
4/22/2021,8:52:41,90.92,64.49,D,33.986137,-6.791928,8,67.542442,17.5,72,Clouds,0.13,0,80
4/22/2021,8:52:42,90.88,64.49,D,33.986137,-6.791928,8,67.542442,17.5,72,Clouds,0.13,0,80
4/22/2021,8:52:43,90.86,64.49,D,33.986137,-6.791928,8,67.542442,17.5,72,Clouds,0.13,0,80
4/22/2021,8:52:44,90.84,64.49,D,33.986137,-6.791928,8,67.542442,17.5,72,Clouds,0.13,0,80
4/22/2021,8:52:45,90.82,64.93,D,33.986137,-6.791928,8,67.542442,17.5,72,Clouds,0.13,0,80
4/22/2021,8:52:46,90.8,64.93,D,33.986137,-6.791928,8,67.542442,17.5,72,Clouds,0.13,0,80
4/22/2021,8:52:47,90.78,64.93,D,33.986137,-6.791928,8,67.542442,17.5,72,Clouds,0.13,0,80
4/22/2021,8:52:48,90.74,64.93,D,33.986137,-6.791928,8,67.542442,17.5,72,Clouds,0.13,0,80
4/22/2021,8:52:49,90.7,64.49,D,33.986137,-6.791928,8,67.542442,17.5,72,Clouds,0.13,0,80
4/22/2021,8:52:50,90.68,64.49,D,33.986137,-6.791928,8,67.542442,17.5,72,Clouds,0.13,0,80
4/22/2021,8:52:51,90.66,64.49,D,33.9856,-6.794593,8,65.153358,17.5,72,Clouds,0.13,0,80
4/22/2021,8:52:52,90.62,64.93,D,33.9856,-6.794593,8,65.153358,17.5,72,Clouds,0.13,0,80
4/22/2021,8:52:53,90.6,64.93,D,33.9856,-6.794593,8,65.153358,17.5,72,Clouds,0.13,0,80
4/22/2021,8:52:54,90.58,63.93,D,33.9856,-6.794593,8,65.153358,17.5,72,Clouds,0.13,0,80
4/22/2021,8:52:55,90.56,64.49,D,33.9856,-6.794593,8,65.153358,17.5,72,Clouds,0.13,0,80
4/22/2021,8:52:56,90.54,64.49,D,33.9856,-6.794593,8,65.153358,17.5,72,Clouds,0.13,0,80
4/22/2021,8:52:57,90.5,63.93,D,33.9856,-6.794593,8,65.153358,17.5,72,Clouds,0.13,0,80
4/22/2021,8:52:58,90.48,63.38,D,33.9856,-6.794593,8,65.153358,17.5,72,Clouds,0.13,0,80
4/22/2021,8:52:59,90.46,63.38,D,33.9856,-6.794593,8,65.153358,17.5,72,Clouds,0.13,0,80
4/22/2021,8:53:00,90.4,63.38,D,33.985241,-6.796472,9,65.153358,17.5,72,Clouds,0.13,0,80
4/22/2021,8:53:01,90.38,63.38,D,33.985241,-6.796472,9,65.153358,17.5,72,Clouds,0.13,0,80
4/22/2021,8:53:02,90.36,63.38,D,33.985241,-6.796472,9,65.153358,17.5,72,Clouds,0.13,0,80
4/22/2021,8:53:03,90.34,62.93,D,33.985241,-6.796472,9,65.153358,17.5,72,Clouds,0.13,0,80
4/22/2021,8:53:04,90.3,63.38,D,33.985241,-6.796472,9,65.153358,17.5,72,Clouds,0.13,0,80
4/22/2021,8:53:05,90.28,63.38,D,33.985241,-6.796472,9,65.153358,17.5,72,Clouds,0.13,0,80
4/22/2021,8:53:06,90.26,62.93,D,33.985241,-6.796472,9,65.153358,17.5,72,Clouds,0.13,0,80
4/22/2021,8:53:07,90.24,62.93,D,33.985241,-6.796472,9,65.153358,17.5,72,Clouds,0.13,0,80
4/22/2021,8:53:08,90.22,62.38,D,33.985241,-6.796472,9,65.153358,17.5,72,Clouds,0.13,0,80
4/22/2021,8:53:09,90.18,61.38,D,33.985241,-6.796472,9,65.153358,17.5,72,Clouds,0.13,0,80
4/22/2021,8:53:10,90.16,61.82,D,33.985241,-6.796472,9,65.153358,17.5,72,Clouds,0.13,0,80
4/22/2021,8:53:11,90.14,61.38,D,33.985241,-6.796472,9,65.153358,17.5,72,Clouds,0.13,0,80
4/22/2021,8:53:12,90.12,61.38,D,33.985241,-6.796472,9,65.153358,17.5,72,Clouds,0.13,0,80
4/22/2021,8:53:13,90.1,61.82,D,33.985241,-6.796472,9,65.153358,17.5,72,Clouds,0.13,0,80
4/22/2021,8:53:14,90.06,61.82,D,33.985241,-6.796472,9,65.153358,17.5,72,Clouds,0.13,0,80
4/22/2021,8:53:15,90.04,61.82,D,33.985241,-6.796472,9,65.153358,17.5,72,Clouds,0.13,0,80
4/22/2021,8:53:16,90.02,62.38,D,33.985241,-6.796472,9,65.153358,17.5,72,Clouds,0.13,0,80
4/22/2021,8:53:17,90,62.38,D,33.985241,-6.796472,9,65.153358,17.5,72,Clouds,0.13,0,80
4/22/2021,8:53:18,89.96,62.38,D,33.984047,-6.799736,10,65.153358,17.5,72,Clouds,0.13,0,80
4/22/2021,8:53:19,89.92,62.38,D,33.984047,-6.799736,10,65.153358,17.5,72,Clouds,0.13,0,80
4/22/2021,8:53:20,89.92,61.82,D,33.984047,-6.799736,10,65.153358,17.5,72,Clouds,0.13,0,80
4/22/2021,8:53:21,89.86,61.82,D,33.984047,-6.799736,10,65.153358,17.5,72,Clouds,0.13,0,80
4/22/2021,8:53:22,89.84,61.82,D,33.984047,-6.799736,10,65.153358,17.5,72,Clouds,0.13,0,80
4/22/2021,8:53:23,89.82,61.82,D,33.984047,-6.799736,10,65.153358,17.5,72,Clouds,0.13,0,80
4/22/2021,8:53:24,89.8,61.82,D,33.984047,-6.799736,10,65.153358,17.5,72,Clouds,0.13,0,80
4/22/2021,8:53:25,89.76,61.82,D,33.984047,-6.799736,10,65.153358,17.5,72,Clouds,0.13,0,80
4/22/2021,8:53:26,89.74,61.82,D,33.984047,-6.799736,10,65.153358,17.5,72,Clouds,0.13,0,80
4/22/2021,8:53:27,89.72,61.82,D,33.984047,-6.799736,10,65.153358,17.5,72,Clouds,0.13,0,80
4/22/2021,8:53:28,89.7,61.82,D,33.984047,-6.799736,10,65.153358,17.5,72,Clouds,0.13,0,80
4/22/2021,8:53:29,89.66,61.82,D,33.984047,-6.799736,10,65.153358,17.5,72,Clouds,0.13,0,80
4/22/2021,8:53:30,89.64,61.82,D,33.984047,-6.799736,10,65.153358,17.5,72,Clouds,0.13,0,80
4/22/2021,8:53:31,89.62,61.82,D,33.984047,-6.799736,10,65.153358,17.5,72,Clouds,0.13,0,80
4/22/2021,8:53:32,89.6,61.38,D,33.984047,-6.799736,10,65.153358,17.5,72,Clouds,0.13,0,80
4/22/2021,8:53:33,89.56,61.38,D,33.984047,-6.799736,10,65.153358,17.5,72,Clouds,0.13,0,80
4/22/2021,8:53:34,89.54,61.38,D,33.982422,-6.801979,10,61.134521,17.5,72,Clouds,0.13,0,80
4/22/2021,8:53:35,89.52,60.27,D,33.982422,-6.801979,10,61.134521,17.5,72,Clouds,0.13,0,80
4/22/2021,8:53:36,89.5,59.82,D,33.982422,-6.801979,10,61.134521,17.5,72,Clouds,0.13,0,80
4/22/2021,8:53:37,89.46,59.82,D,33.982422,-6.801979,10,61.134521,17.5,72,Clouds,0.13,0,80
4/22/2021,8:53:38,89.44,59.82,D,33.982422,-6.801979,10,61.134521,17.5,72,Clouds,0.13,0,80
4/22/2021,8:53:39,89.42,59.82,D,33.982422,-6.801979,10,61.134521,17.5,72,Clouds,0.13,0,80
4/22/2021,8:53:40,89.4,59.82,D,33.982422,-6.801979,10,61.134521,17.5,72,Clouds,0.13,0,80
4/22/2021,8:53:41,89.36,59.82,D,33.982422,-6.801979,10,61.134521,17.5,72,Clouds,0.13,0,80
4/22/2021,8:53:42,89.34,59.82,D,33.982422,-6.801979,10,61.134521,17.5,72,Clouds,0.13,0,80
4/22/2021,8:53:43,89.32,59.82,D,33.982422,-6.801979,10,61.134521,17.5,72,Clouds,0.13,0,80
4/22/2021,8:53:44,89.3,59.82,D,33.982422,-6.801979,10,61.134521,17.5,72,Clouds,0.13,0,80
4/22/2021,8:53:45,89.26,59.82,D,33.982422,-6.801979,10,61.134521,17.5,72,Clouds,0.13,0,80
4/22/2021,8:53:46,89.24,59.27,D,33.982422,-6.801979,10,61.134521,17.5,72,Clouds,0.13,0,80
4/22/2021,8:53:47,89.22,59.27,D,33.982422,-6.801979,10,61.134521,17.5,72,Clouds,0.13,0,80
4/22/2021,8:53:48,89.18,58.71,D,33.982422,-6.801979,10,61.134521,17.5,72,Clouds,0.13,0,80
4/22/2021,8:53:49,89.16,58.71,D,33.982422,-6.801979,10,61.134521,17.5,72,Clouds,0.13,0,80
4/22/2021,8:53:50,89.14,58.27,D,33.982422,-6.801979,10,61.134521,17.5,72,Clouds,0.13,0,80
4/22/2021,8:53:51,89.12,57.72,D,33.982422,-6.801979,10,61.134521,17.5,72,Clouds,0.13,0,80
4/22/2021,8:53:52,89.08,57.16,D,33.982422,-6.801979,10,61.134521,17.5,72,Clouds,0.13,0,80
4/22/2021,8:53:53,89.06,56.16,D,33.982422,-6.801979,10,61.134521,17.5,72,Clouds,0.13,0,80
4/22/2021,8:53:54,89.02,55.61,D,33.982422,-6.801979,10,61.134521,17.5,72,Clouds,0.13,0,80
4/22/2021,8:53:55,89,55.61,D,33.982422,-6.801979,10,61.134521,17.5,72,Clouds,0.13,0,80
4/22/2021,8:53:56,88.98,54.61,D,33.982422,-6.801979,10,61.134521,17.5,72,Clouds,0.13,0,80
4/22/2021,8:53:57,88.96,53.5,D,33.982422,-6.801979,10,61.134521,17.5,72,Clouds,0.13,0,80
4/22/2021,8:53:58,88.94,53.05,D,33.979961,-6.804542,18,61.134521,17.5,72,Clouds,0.13,0,80
4/22/2021,8:53:59,88.9,51.94,D,33.979961,-6.804542,18,61.134521,17.5,72,Clouds,0.13,0,80
4/22/2021,8:54:00,88.9,51.94,D,33.979961,-6.804542,18,61.134521,17.5,72,Clouds,0.13,0,80
4/22/2021,8:54:01,88.86,51.94,D,33.979961,-6.804542,18,61.134521,17.5,72,Clouds,0.13,0,80
4/22/2021,8:54:02,88.82,51.94,D,33.979961,-6.804542,18,61.134521,17.5,72,Clouds,0.15,0,80
4/22/2021,8:54:03,88.8,51.94,D,33.979961,-6.804542,18,61.134521,17.5,72,Clouds,0.15,0,80
4/22/2021,8:54:04,88.78,51.5,D,33.979961,-6.804542,18,61.134521,17.5,72,Clouds,0.15,0,80
4/22/2021,8:54:05,88.74,51.5,D,33.979961,-6.804542,18,61.134521,17.5,72,Clouds,0.15,0,80
4/22/2021,8:54:06,88.72,51.5,D,33.979961,-6.804542,18,61.134521,17.5,72,Clouds,0.15,0,80
4/22/2021,8:54:07,88.7,51.5,D,33.979961,-6.804542,18,61.134521,17.5,72,Clouds,0.15,0,80
4/22/2021,8:54:08,88.68,50.94,D,33.979961,-6.804542,18,61.134521,17.5,72,Clouds,0.15,0,80
4/22/2021,8:54:09,88.64,50.39,D,33.979961,-6.804542,18,61.134521,17.5,72,Clouds,0.15,0,80
4/22/2021,8:54:10,88.62,50.39,D,33.979961,-6.804542,18,61.134521,17.5,72,Clouds,0.15,0,80
4/22/2021,8:54:11,88.58,50.94,D,33.97842,-6.806244,18,50.93,17.5,72,Clouds,0.15,0,80
4/22/2021,8:54:12,88.54,51.5,D,33.97842,-6.806244,18,50.93,17.5,72,Clouds,0.15,0,80
4/22/2021,8:54:13,88.5,52.5,D,33.97842,-6.806244,18,50.93,17.5,72,Clouds,0.15,0,80
4/22/2021,8:54:14,88.46,52.5,D,33.97842,-6.806244,24,50.93,17.5,72,Clouds,0.15,0,80
4/22/2021,8:54:15,88.42,52.5,D,33.97842,-6.806244,24,50.93,17.5,72,Clouds,0.15,0,80
4/22/2021,8:54:16,88.38,53.05,D,33.97842,-6.806244,24,50.93,17.5,72,Clouds,0.15,0,80
4/22/2021,8:54:17,88.34,53.05,D,33.97842,-6.806244,24,50.93,17.5,72,Clouds,0.15,0,80
4/22/2021,8:54:18,88.3,53.05,D,33.97842,-6.806244,24,50.93,17.5,72,Clouds,0.15,0,80
4/22/2021,8:54:19,88.26,53.05,D,33.97842,-6.806244,24,50.93,17.5,72,Clouds,0.15,0,80
4/22/2021,8:54:20,88.22,54.05,D,33.97842,-6.806244,24,50.93,17.5,72,Clouds,0.15,0,80
4/22/2021,8:54:21,88.18,54.05,D,33.97842,-6.806244,24,50.93,17.5,72,Clouds,0.15,0,80
4/22/2021,8:54:22,88.14,54.05,D,33.97842,-6.806244,24,50.93,17.5,72,Clouds,0.15,0,80
4/22/2021,8:54:23,88.1,54.05,D,33.97842,-6.806244,24,50.93,17.5,72,Clouds,0.15,0,80
4/22/2021,8:54:24,88.1,54.05,D,33.97842,-6.806244,24,50.93,17.5,72,Clouds,0.15,0,80
4/22/2021,8:54:25,88.04,54.05,D,33.97842,-6.806244,24,50.93,17.5,72,Clouds,0.15,0,80
4/22/2021,8:54:26,88,54.05,D,33.97842,-6.806244,24,50.93,17.5,72,Clouds,0.15,0,80
4/22/2021,8:54:27,87.96,51.94,D,33.97842,-6.806244,24,50.93,17.5,72,Clouds,0.15,0,80
4/22/2021,8:54:28,87.92,51.94,D,33.97842,-6.806244,24,50.93,17.5,72,Clouds,0.15,0,80
4/22/2021,8:54:29,87.88,51.5,D,33.97842,-6.806244,24,50.93,17.5,72,Clouds,0.15,0,80
4/22/2021,8:54:30,87.84,51.5,D,33.977245,-6.808894,24,51.559677,17.5,72,Clouds,0.15,0,80
4/22/2021,8:54:31,87.82,51.5,D,33.977245,-6.808894,24,51.559677,17.5,72,Clouds,0.15,0,80
4/22/2021,8:54:32,87.78,50.39,D,33.977245,-6.808894,24,51.559677,17.5,72,Clouds,0.15,0,80
4/22/2021,8:54:33,87.74,50.39,D,33.977245,-6.808894,24,51.559677,17.5,72,Clouds,0.15,0,80
4/22/2021,8:54:34,87.7,50.39,D,33.977245,-6.808894,24,51.559677,17.5,72,Clouds,0.15,0,80
4/22/2021,8:54:35,87.66,50.39,D,33.977245,-6.808894,24,51.559677,17.5,72,Clouds,0.15,0,80
4/22/2021,8:54:36,87.62,50.39,D,33.977245,-6.808894,24,51.559677,17.5,72,Clouds,0.15,0,80
4/22/2021,8:54:37,87.58,50.39,D,33.977245,-6.808894,24,51.559677,17.5,72,Clouds,0.15,0,80
4/22/2021,8:54:38,87.54,49.39,D,33.977245,-6.808894,24,51.559677,17.5,72,Clouds,0.15,0,80
4/22/2021,8:54:39,87.54,48.84,D,33.977245,-6.808894,24,51.559677,17.5,72,Clouds,0.15,0,80
4/22/2021,8:54:40,87.52,48.84,D,33.977245,-6.808894,24,51.559677,17.5,72,Clouds,0.15,0,80
4/22/2021,8:54:41,87.48,48.28,D,33.977245,-6.808894,24,51.559677,17.5,72,Clouds,0.15,0,80
4/22/2021,8:54:42,87.44,48.28,D,33.977245,-6.808894,24,51.559677,17.5,72,Clouds,0.15,0,80
4/22/2021,8:54:43,87.4,48.28,D,33.977245,-6.808894,24,51.559677,17.5,72,Clouds,0.15,0,80
4/22/2021,8:54:44,87.36,48.28,D,33.977245,-6.808894,24,51.559677,17.5,72,Clouds,0.15,0,80
4/22/2021,8:54:45,87.32,48.28,D,33.977245,-6.808894,24,51.559677,17.5,72,Clouds,0.15,0,80
4/22/2021,8:54:46,87.28,48.28,D,33.977245,-6.808894,24,51.559677,17.5,72,Clouds,0.15,0,80
4/22/2021,8:54:47,87.24,48.28,D,33.977245,-6.808894,24,51.559677,17.5,72,Clouds,0.15,0,80
4/22/2021,8:54:48,87.2,48.84,D,33.977245,-6.808894,24,51.559677,17.5,72,Clouds,0.15,0,80
4/22/2021,8:54:49,87.16,48.84,D,33.977245,-6.808894,24,51.559677,17.5,72,Clouds,0.15,0,80
4/22/2021,8:54:50,87.12,48.84,D,33.975632,-6.810868,55,51.559677,17.5,72,Clouds,0.15,0,80
4/22/2021,8:54:51,87.08,48.84,D,33.975632,-6.810868,55,51.559677,17.5,72,Clouds,0.15,0,80
4/22/2021,8:54:52,87.04,48.84,D,33.975632,-6.810868,55,51.559677,17.5,72,Clouds,0.15,0,80
4/22/2021,8:54:53,87,48.84,D,33.975632,-6.810868,55,51.559677,17.5,72,Clouds,0.15,0,80
4/22/2021,8:54:54,86.96,48.84,D,33.975632,-6.810868,55,51.559677,17.5,72,Clouds,0.15,0,80
4/22/2021,8:54:55,86.9,50.39,D,33.975632,-6.810868,55,51.559677,17.5,72,Clouds,0.15,0,80
4/22/2021,8:54:56,86.9,50.39,D,33.975632,-6.810868,55,51.559677,17.5,72,Clouds,0.15,0,80
4/22/2021,8:54:57,86.82,50.39,D,33.975632,-6.810868,55,51.559677,17.5,72,Clouds,0.15,0,80
4/22/2021,8:54:58,86.78,51.5,D,33.975632,-6.810868,55,51.559677,17.5,72,Clouds,0.15,0,80
4/22/2021,8:54:59,86.78,51.5,D,33.975632,-6.810868,55,51.559677,17.5,72,Clouds,0.15,0,80
4/22/2021,8:55:00,86.74,51.5,D,33.975632,-6.810868,55,51.559677,17.5,72,Clouds,0.15,0,80
4/22/2021,8:55:01,86.74,53.05,D,33.975632,-6.810868,55,51.559677,17.5,72,Clouds,0.15,0,80
4/22/2021,8:55:02,86.64,53.05,D,33.975632,-6.810868,55,51.559677,17.5,72,Clouds,0.15,0,80
4/22/2021,8:55:03,86.6,53.05,D,33.974312,-6.81208,65,51.559677,17.5,72,Clouds,0.15,0,80
4/22/2021,8:55:04,86.5,54.05,D,33.974312,-6.81208,65,51.559677,17.5,72,Clouds,0.15,0,80
4/22/2021,8:55:05,86.46,54.05,D,33.974312,-6.81208,65,51.559677,17.5,72,Clouds,0.15,0,80
4/22/2021,8:55:06,86.46,54.05,D,33.974312,-6.81208,65,51.559677,17.5,72,Clouds,0.15,0,80
4/22/2021,8:55:07,86.44,52.5,D,33.974312,-6.81208,65,51.559677,17.5,72,Clouds,0.15,0,80
4/22/2021,8:55:08,86.42,51.94,D,33.974312,-6.81208,65,51.559677,17.5,72,Clouds,0.15,0,80
4/22/2021,8:55:09,86.42,51.94,D,33.974312,-6.81208,65,51.559677,17.5,72,Clouds,0.15,0,80
4/22/2021,8:55:10,86.32,55.05,D,33.97361,-6.812819,71,51.559677,17.5,72,Clouds,0.15,0,80
4/22/2021,8:55:11,86.32,55.05,D,33.97361,-6.812819,71,51.559677,17.5,72,Clouds,0.15,0,80
4/22/2021,8:55:12,86.12,55.05,D,33.97361,-6.812819,71,51.559677,17.5,72,Clouds,0.15,0,80
4/22/2021,8:55:13,86.12,59.82,D,33.97361,-6.812819,71,51.559677,17.5,72,Clouds,0.15,0,80
4/22/2021,8:55:14,86.06,59.82,D,33.97361,-6.812819,71,51.559677,17.5,72,Clouds,0.15,0,80
4/22/2021,8:55:15,86,59.82,D,33.97361,-6.812819,71,51.559677,17.5,72,Clouds,0.15,0,80
4/22/2021,8:55:16,86,62.93,D,33.97361,-6.812819,71,51.559677,17.5,72,Clouds,0.15,0,80
4/22/2021,8:55:17,86,63.38,D,33.97361,-6.812819,71,51.559677,17.5,72,Clouds,0.15,0,80
4/22/2021,8:55:18,85.84,64.49,D,33.97361,-6.812819,71,51.559677,17.5,72,Clouds,0.15,0,80
4/22/2021,8:55:19,85.78,64.49,D,33.97361,-6.812819,71,51.559677,17.5,72,Clouds,0.15,0,80
4/22/2021,8:55:20,85.78,65.49,D,33.97361,-6.812819,71,51.559677,17.5,72,Clouds,0.15,0,80
4/22/2021,8:55:21,85.64,65.49,D,33.97361,-6.812819,71,51.559677,17.5,72,Clouds,0.15,0,80
4/22/2021,8:55:22,85.52,65.49,D,33.97361,-6.812819,71,51.559677,17.5,72,Clouds,0.15,0,80
4/22/2021,8:55:23,85.52,69.15,D,33.97361,-6.812819,71,51.559677,17.5,72,Clouds,0.15,0,80
4/22/2021,8:55:24,85.52,69.15,D,33.97361,-6.812819,71,51.559677,17.5,72,Clouds,0.15,0,80
4/22/2021,8:55:25,85.52,70.7,D,33.97361,-6.812819,71,51.559677,17.5,72,Clouds,0.15,0,80
4/22/2021,8:55:26,85.52,70.7,D,33.971714,-6.814906,71,71.450165,17.5,72,Clouds,0.15,0,80
4/22/2021,8:55:27,85.52,70.7,D,33.971714,-6.814906,71,71.450165,17.5,72,Clouds,0.15,0,80
4/22/2021,8:55:28,85.52,70.7,D,33.971714,-6.814906,71,71.450165,17.5,72,Clouds,0.15,0,80
4/22/2021,8:55:29,85.1,71.7,D,33.971714,-6.814906,71,71.450165,17.5,72,Clouds,0.15,0,80
4/22/2021,8:55:30,85.06,71.7,D,33.971714,-6.814906,71,71.450165,17.5,72,Clouds,0.15,0,80
4/22/2021,8:55:31,85.04,71.7,D,33.971714,-6.814906,71,71.450165,17.5,72,Clouds,0.15,0,80
4/22/2021,8:55:32,85,69.7,D,33.971714,-6.814906,71,71.450165,17.5,72,Clouds,0.15,0,80
4/22/2021,8:55:33,84.98,69.15,D,33.971714,-6.814906,71,71.450165,17.5,72,Clouds,0.15,0,80
4/22/2021,8:55:34,84.94,67.59,D,33.971714,-6.814906,71,71.450165,17.5,72,Clouds,0.15,0,80
4/22/2021,8:55:35,84.92,67.04,D,33.971714,-6.814906,71,71.450165,17.5,72,Clouds,0.15,0,80
4/22/2021,8:55:36,84.88,67.04,D,33.971714,-6.814906,71,71.450165,17.5,72,Clouds,0.15,0,80
4/22/2021,8:55:37,84.86,67.04,D,33.971714,-6.814906,71,71.450165,17.5,72,Clouds,0.15,0,80
4/22/2021,8:55:38,84.8,67.04,D,33.971714,-6.814906,71,71.450165,17.5,72,Clouds,0.15,0,80
4/22/2021,8:55:39,84.76,67.04,D,33.971714,-6.814906,71,71.450165,17.5,72,Clouds,0.15,0,80
4/22/2021,8:55:40,84.72,66.6,D,33.971714,-6.814906,71,71.450165,17.5,72,Clouds,0.15,0,80
4/22/2021,8:55:41,84.7,66.6,D,33.971714,-6.814906,71,71.450165,17.5,72,Clouds,0.15,0,80
4/22/2021,8:55:42,84.66,67.04,D,33.971714,-6.814906,71,71.450165,17.5,72,Clouds,0.15,0,80
4/22/2021,8:55:43,84.64,67.04,D,33.971714,-6.814906,71,71.450165,17.5,72,Clouds,0.15,0,80
4/22/2021,8:55:44,84.6,67.04,D,33.969566,-6.817842,84,71.450165,17.5,72,Clouds,0.15,0,80
4/22/2021,8:55:45,84.58,67.04,D,33.969566,-6.817842,84,71.450165,17.5,72,Clouds,0.15,0,80
4/22/2021,8:55:46,84.54,67.04,D,33.969566,-6.817842,84,71.450165,17.5,72,Clouds,0.15,0,80
4/22/2021,8:55:47,84.5,67.04,D,33.969566,-6.817842,84,71.450165,17.5,72,Clouds,0.15,0,80
4/22/2021,8:55:48,84.46,67.04,D,33.969566,-6.817842,84,71.450165,17.5,72,Clouds,0.15,0,80
4/22/2021,8:55:49,84.44,67.59,D,33.969566,-6.817842,84,71.450165,17.5,72,Clouds,0.15,0,80
4/22/2021,8:55:50,84.42,68.15,D,33.969566,-6.817842,84,71.450165,17.5,72,Clouds,0.15,0,80
4/22/2021,8:55:51,84.38,67.59,D,33.969566,-6.817842,84,71.450165,17.5,72,Clouds,0.15,0,80
4/22/2021,8:55:52,84.36,68.15,D,33.969566,-6.817842,84,71.450165,17.5,72,Clouds,0.15,0,80
4/22/2021,8:55:53,84.34,68.15,D,33.968121,-6.818815,84,67.783195,17.5,72,Clouds,0.15,0,80
4/22/2021,8:55:54,84.3,68.15,D,33.968121,-6.818815,84,67.783195,17.5,72,Clouds,0.15,0,80
4/22/2021,8:55:55,84.28,69.15,D,33.968121,-6.818815,84,67.783195,17.5,72,Clouds,0.15,0,80
4/22/2021,8:55:56,84.24,68.59,D,33.968121,-6.818815,79,67.783195,17.5,72,Clouds,0.15,0,80
4/22/2021,8:55:57,84.2,68.59,D,33.968121,-6.818815,79,67.783195,17.5,72,Clouds,0.15,0,80
4/22/2021,8:55:58,84.16,68.59,D,33.968121,-6.818815,79,67.783195,17.5,72,Clouds,0.15,0,80
4/22/2021,8:55:59,84.14,69.15,D,33.968121,-6.818815,79,67.783195,17.5,72,Clouds,0.15,0,80
4/22/2021,8:56:00,84.12,68.59,D,33.968121,-6.818815,79,67.783195,17.5,72,Clouds,0.17,0,80
4/22/2021,8:56:01,84.1,68.59,D,33.968121,-6.818815,79,67.783195,17.5,72,Clouds,0.17,0,80
4/22/2021,8:56:02,84.06,68.15,D,33.968121,-6.818815,79,67.783195,17.5,72,Clouds,0.17,0,80
4/22/2021,8:56:03,84.04,68.15,D,33.968121,-6.818815,79,67.783195,17.5,72,Clouds,0.17,0,80
4/22/2021,8:56:04,84.02,67.59,D,33.968121,-6.818815,79,67.783195,17.5,72,Clouds,0.17,0,80
4/22/2021,8:56:05,83.98,67.59,D,33.968121,-6.818815,79,67.783195,17.5,72,Clouds,0.17,0,80
4/22/2021,8:56:06,83.96,67.04,D,33.968121,-6.818815,79,67.783195,17.5,72,Clouds,0.17,0,80
4/22/2021,8:56:07,83.94,67.04,D,33.968121,-6.818815,79,67.783195,17.5,72,Clouds,0.17,0,80
4/22/2021,8:56:08,83.92,67.04,D,33.968121,-6.818815,79,67.783195,17.5,72,Clouds,0.17,0,80
4/22/2021,8:56:09,83.86,67.04,D,33.968121,-6.818815,79,67.783195,17.5,72,Clouds,0.17,0,80
4/22/2021,8:56:10,83.84,67.04,D,33.965359,-6.820765,79,64.394035,17.5,72,Clouds,0.17,0,80
4/22/2021,8:56:11,83.82,64.93,D,33.965359,-6.820765,79,64.394035,17.5,72,Clouds,0.17,0,80
4/22/2021,8:56:12,83.8,64.93,D,33.965359,-6.820765,79,64.394035,17.5,72,Clouds,0.17,0,80
4/22/2021,8:56:13,83.76,64.93,D,33.965359,-6.820765,79,64.394035,17.5,72,Clouds,0.17,0,80
4/22/2021,8:56:14,83.74,64.93,D,33.965359,-6.820765,79,64.394035,17.5,72,Clouds,0.17,0,80
4/22/2021,8:56:15,83.7,64.93,D,33.965359,-6.820765,79,64.394035,17.5,72,Clouds,0.17,0,80
4/22/2021,8:56:16,83.66,64.93,D,33.965359,-6.820765,79,64.394035,17.5,72,Clouds,0.17,0,80
4/22/2021,8:56:17,83.6,67.04,D,33.965359,-6.820765,79,64.394035,17.5,72,Clouds,0.17,0,80
4/22/2021,8:56:18,83.54,67.04,D,33.965359,-6.820765,79,64.394035,17.5,72,Clouds,0.17,0,80
4/22/2021,8:56:19,83.52,67.04,D,33.965359,-6.820765,79,64.394035,17.5,72,Clouds,0.17,0,80
4/22/2021,8:56:20,83.48,67.04,D,33.965359,-6.820765,79,64.394035,17.5,72,Clouds,0.17,0,80
4/22/2021,8:56:21,83.46,67.04,D,33.965359,-6.820765,79,64.394035,17.5,72,Clouds,0.17,0,80
4/22/2021,8:56:22,83.44,67.04,D,33.965359,-6.820765,79,64.394035,17.5,72,Clouds,0.17,0,80
4/22/2021,8:56:23,83.42,67.04,D,33.963474,-6.822177,79,69.061081,17.5,72,Clouds,0.17,0,80
4/22/2021,8:56:24,83.4,67.04,D,33.963474,-6.822177,79,69.061081,17.5,72,Clouds,0.17,0,80
4/22/2021,8:56:25,83.38,67.04,D,33.963474,-6.822177,79,69.061081,17.5,72,Clouds,0.17,0,80
4/22/2021,8:56:26,83.36,67.04,D,33.963474,-6.822177,79,69.061081,17.5,72,Clouds,0.17,0,80
4/22/2021,8:56:27,83.34,67.04,D,33.963474,-6.822177,79,69.061081,17.5,72,Clouds,0.17,0,80
4/22/2021,8:56:28,83.28,67.04,D,33.963474,-6.822177,79,69.061081,17.5,72,Clouds,0.17,0,80
4/22/2021,8:56:29,83.26,65.49,D,33.963474,-6.822177,79,69.061081,17.5,72,Clouds,0.17,0,80
4/22/2021,8:56:30,83.24,65.49,D,33.963474,-6.822177,79,69.061081,17.5,72,Clouds,0.17,0,80
4/22/2021,8:56:31,83.2,65.49,D,33.963474,-6.822177,79,69.061081,17.5,72,Clouds,0.17,0,80
4/22/2021,8:56:32,83.18,65.49,D,33.963474,-6.822177,79,69.061081,17.5,72,Clouds,0.17,0,80
4/22/2021,8:56:33,83.14,64.93,D,33.963474,-6.822177,79,69.061081,17.5,72,Clouds,0.17,0,80
4/22/2021,8:56:34,83.12,64.93,D,33.963474,-6.822177,79,69.061081,17.5,72,Clouds,0.17,0,80
4/22/2021,8:56:35,83.1,64.93,D,33.963474,-6.822177,79,69.061081,17.5,72,Clouds,0.17,0,80
4/22/2021,8:56:36,83.06,64.93,D,33.963474,-6.822177,79,69.061081,17.5,72,Clouds,0.17,0,80
4/22/2021,8:56:37,83.06,62.93,D,33.963474,-6.822177,79,69.061081,17.5,72,Clouds,0.17,0,80
4/22/2021,8:56:38,83.04,61.82,D,33.961296,-6.823975,87,69.061081,17.5,72,Clouds,0.17,0,80
4/22/2021,8:56:39,83.04,61.38,D,33.961296,-6.823975,87,69.061081,17.5,72,Clouds,0.17,0,80
4/22/2021,8:56:40,83.02,61.38,D,33.961296,-6.823975,87,69.061081,17.5,72,Clouds,0.17,0,80
4/22/2021,8:56:41,83.02,61.38,D,33.961296,-6.823975,87,69.061081,17.5,72,Clouds,0.17,0,80
4/22/2021,8:56:42,83.02,57.16,D,33.961296,-6.823975,87,69.061081,17.5,72,Clouds,0.17,0,80
4/22/2021,8:56:43,83.02,55.61,D,33.961296,-6.823975,87,69.061081,17.5,72,Clouds,0.17,0,80
4/22/2021,8:56:44,83,54.61,D,33.961296,-6.823975,87,69.061081,17.5,72,Clouds,0.17,0,80
4/22/2021,8:56:45,82.98,55.05,D,33.961296,-6.823975,87,69.061081,17.5,72,Clouds,0.17,0,80
4/22/2021,8:56:46,82.96,55.05,D,33.961296,-6.823975,87,69.061081,17.5,72,Clouds,0.17,0,80
4/22/2021,8:56:47,82.94,56.16,D,33.961296,-6.823975,87,69.061081,17.5,72,Clouds,0.17,0,80
4/22/2021,8:56:48,82.92,56.61,D,33.961296,-6.823975,87,69.061081,17.5,72,Clouds,0.17,0,80
4/22/2021,8:56:49,82.86,56.61,D,33.961296,-6.823975,87,69.061081,17.5,72,Clouds,0.17,0,80
4/22/2021,8:56:50,82.84,56.61,D,33.959923,-6.825536,87,57.078636,17.5,72,Clouds,0.17,0,80
4/22/2021,8:56:51,82.82,56.61,D,33.959923,-6.825536,87,57.078636,17.5,72,Clouds,0.17,0,80
4/22/2021,8:56:52,82.8,56.61,D,33.959923,-6.825536,87,57.078636,17.5,72,Clouds,0.17,0,80
4/22/2021,8:56:53,82.8,56.61,D,33.959923,-6.825536,87,57.078636,17.5,72,Clouds,0.17,0,80
4/22/2021,8:56:54,82.8,56.61,D,33.959923,-6.825536,87,57.078636,17.5,72,Clouds,0.17,0,80
4/22/2021,8:56:55,82.8,56.61,D,33.959923,-6.825536,87,57.078636,17.5,72,Clouds,0.17,0,80
4/22/2021,8:56:56,82.78,56.61,D,33.959923,-6.825536,87,57.078636,17.5,72,Clouds,0.17,0,80
4/22/2021,8:56:57,82.76,56.61,D,33.959923,-6.825536,87,57.078636,17.5,72,Clouds,0.19,0,80
4/22/2021,8:56:58,82.74,56.61,D,33.959923,-6.825536,87,57.078636,17.5,72,Clouds,0.19,0,80
4/22/2021,8:56:59,82.72,56.61,D,33.959923,-6.825536,87,57.078636,17.5,72,Clouds,0.19,0,80
4/22/2021,8:57:00,82.7,56.61,D,33.959091,-6.826864,87,52.28196,17.5,72,Clouds,0.19,0,80
4/22/2021,8:57:01,82.68,56.61,D,33.959091,-6.826864,87,52.28196,17.5,72,Clouds,0.19,0,80
4/22/2021,8:57:02,82.64,56.61,D,33.959091,-6.826864,87,52.28196,17.5,72,Clouds,0.19,0,80
4/22/2021,8:57:03,82.62,56.61,D,33.959091,-6.826864,87,52.28196,17.5,72,Clouds,0.19,0,80
4/22/2021,8:57:04,82.58,56.61,D,33.959091,-6.826864,87,52.28196,17.5,72,Clouds,0.19,0,80
4/22/2021,8:57:05,82.56,53.05,D,33.959091,-6.826864,87,52.28196,17.5,72,Clouds,0.19,0,80
4/22/2021,8:57:06,82.52,53.05,D,33.959091,-6.826864,87,52.28196,17.5,72,Clouds,0.19,0,80
4/22/2021,8:57:07,82.5,53.05,D,33.959091,-6.826864,87,52.28196,17.5,72,Clouds,0.19,0,80
4/22/2021,8:57:08,82.48,53.05,D,33.959091,-6.826864,87,52.28196,17.5,72,Clouds,0.19,0,80
4/22/2021,8:57:09,82.44,53.05,D,33.959091,-6.826864,87,52.28196,17.5,72,Clouds,0.19,0,80
4/22/2021,8:57:10,82.42,53.05,D,33.959091,-6.826864,87,52.28196,17.5,72,Clouds,0.19,0,80
4/22/2021,8:57:11,82.38,53.05,D,33.959091,-6.826864,87,52.28196,17.5,72,Clouds,0.19,0,80
4/22/2021,8:57:12,82.34,53.05,D,33.959091,-6.826864,87,52.28196,17.5,72,Clouds,0.19,0,80
4/22/2021,8:57:13,82.3,53.05,D,33.958271,-6.828664,89,52.28196,17.5,72,Clouds,0.19,0,80
4/22/2021,8:57:14,82.26,53.05,D,33.958271,-6.828664,89,52.28196,17.5,72,Clouds,0.19,0,80
4/22/2021,8:57:15,82.22,53.05,D,33.958271,-6.828664,89,52.28196,17.5,72,Clouds,0.19,0,80
4/22/2021,8:57:16,82.16,53.05,D,33.958271,-6.828664,89,52.28196,17.5,72,Clouds,0.19,0,80
4/22/2021,8:57:17,82.06,61.82,D,33.958271,-6.828664,89,52.28196,17.5,72,Clouds,0.19,0,80
4/22/2021,8:57:18,82.04,61.82,D,33.958271,-6.828664,89,52.28196,17.5,72,Clouds,0.19,0,80
4/22/2021,8:57:19,82,61.82,D,33.958271,-6.828664,89,52.28196,17.5,72,Clouds,0.19,0,80
4/22/2021,8:57:20,81.94,63.93,D,33.958271,-6.828664,89,52.28196,17.5,72,Clouds,0.19,0,80
4/22/2021,8:57:21,81.9,64.49,D,33.958271,-6.828664,89,52.28196,17.5,72,Clouds,0.19,0,80
4/22/2021,8:57:22,81.86,64.49,D,33.958271,-6.828664,89,52.28196,17.5,72,Clouds,0.19,0,80
4/22/2021,8:57:23,81.82,64.49,D,33.958271,-6.828664,89,52.28196,17.5,72,Clouds,0.19,0,80
4/22/2021,8:57:24,81.8,66.6,D,33.958271,-6.828664,89,52.28196,17.5,72,Clouds,0.19,0,80
4/22/2021,8:57:25,81.76,66.6,D,33.958271,-6.828664,89,52.28196,17.5,72,Clouds,0.19,0,80
4/22/2021,8:57:26,81.72,66.6,D,33.958271,-6.828664,89,52.28196,17.5,72,Clouds,0.19,0,80
4/22/2021,8:57:27,81.7,66.6,D,33.958271,-6.828664,89,52.28196,17.5,72,Clouds,0.19,0,80
4/22/2021,8:57:28,81.66,66.6,D,33.957493,-6.831553,89,66.801643,17.5,72,Clouds,0.19,0,80
4/22/2021,8:57:29,81.64,66.04,D,33.957493,-6.831553,89,66.801643,17.5,72,Clouds,0.19,0,80
4/22/2021,8:57:30,81.6,66.04,D,33.957493,-6.831553,89,66.801643,17.5,72,Clouds,0.19,0,80
4/22/2021,8:57:31,81.58,66.04,D,33.957493,-6.831553,91,66.801643,17.5,72,Clouds,0.19,0,80
4/22/2021,8:57:32,81.54,66.04,D,33.957493,-6.831553,91,66.801643,17.5,72,Clouds,0.19,0,80
4/22/2021,8:57:33,81.5,66.04,D,33.957493,-6.831553,91,66.801643,17.5,72,Clouds,0.19,0,80
4/22/2021,8:57:34,81.48,66.04,D,33.957493,-6.831553,91,66.801643,17.5,72,Clouds,0.19,0,80
4/22/2021,8:57:35,81.44,66.04,D,33.957493,-6.831553,91,66.801643,17.5,72,Clouds,0.19,0,80
4/22/2021,8:57:36,81.42,66.04,D,33.957493,-6.831553,91,66.801643,17.5,72,Clouds,0.19,0,80
4/22/2021,8:57:37,81.38,66.6,D,33.957493,-6.831553,91,66.801643,17.5,72,Clouds,0.19,0,80
4/22/2021,8:57:38,81.36,66.6,D,33.957493,-6.831553,91,66.801643,17.5,72,Clouds,0.19,0,80
4/22/2021,8:57:39,81.32,66.6,D,33.957493,-6.831553,91,66.801643,17.5,72,Clouds,0.19,0,80
4/22/2021,8:57:40,81.3,66.6,D,33.95689,-6.834057,91,66.949799,17.5,72,Clouds,0.19,0,80
4/22/2021,8:57:41,81.24,66.04,D,33.95689,-6.834057,91,66.949799,17.5,72,Clouds,0.19,0,80
4/22/2021,8:57:42,81.2,66.04,D,33.95689,-6.834057,91,66.949799,17.5,72,Clouds,0.19,0,80
4/22/2021,8:57:43,81.18,66.6,D,33.95689,-6.834057,92,66.949799,17.5,72,Clouds,0.19,0,80
4/22/2021,8:57:44,81.16,66.6,D,33.95689,-6.834057,92,66.949799,17.5,72,Clouds,0.19,0,80
4/22/2021,8:57:45,81.12,66.6,D,33.95689,-6.834057,92,66.949799,17.5,72,Clouds,0.19,0,80
4/22/2021,8:57:46,81.1,66.6,D,33.95689,-6.834057,92,66.949799,17.5,72,Clouds,0.19,0,80
4/22/2021,8:57:47,81.06,66.6,D,33.95689,-6.834057,92,66.949799,17.5,72,Clouds,0.19,0,80
4/22/2021,8:57:48,81.04,66.6,D,33.95689,-6.834057,92,66.949799,17.5,72,Clouds,0.19,0,80
4/22/2021,8:57:49,81,66.6,D,33.95689,-6.834057,92,66.949799,17.5,72,Clouds,0.19,0,80
4/22/2021,8:57:50,80.98,66.6,D,33.95689,-6.834057,92,66.949799,17.5,72,Clouds,0.19,0,80
4/22/2021,8:57:51,80.94,66.6,D,33.95689,-6.834057,92,66.949799,17.5,72,Clouds,0.19,0,80
4/22/2021,8:57:52,80.92,66.6,D,33.95689,-6.834057,92,66.949799,17.5,72,Clouds,0.19,0,80
4/22/2021,8:57:53,80.9,66.6,D,33.95689,-6.834057,92,66.949799,17.5,72,Clouds,0.19,0,80
4/22/2021,8:57:54,80.88,66.6,D,33.95689,-6.834057,92,66.949799,17.5,72,Clouds,0.19,0,80
4/22/2021,8:57:55,80.86,66.6,D,33.95689,-6.834057,92,66.949799,17.5,72,Clouds,0.19,0,80
4/22/2021,8:57:56,80.84,66.6,D,33.956169,-6.837211,90,66.949799,17.5,72,Clouds,0.19,0,80
4/22/2021,8:57:57,80.8,66.6,D,33.956169,-6.837211,90,66.949799,17.5,72,Clouds,0.19,0,80
4/22/2021,8:57:58,80.78,66.6,D,33.956169,-6.837211,90,66.949799,17.5,72,Clouds,0.19,0,80
4/22/2021,8:57:59,80.76,67.59,D,33.956169,-6.837211,90,66.949799,17.5,72,Clouds,0.19,0,80
4/22/2021,8:58:00,80.74,67.59,D,33.956169,-6.837211,90,66.949799,17.5,72,Clouds,0.19,0,80
4/22/2021,8:58:01,80.72,67.59,D,33.956169,-6.837211,90,66.949799,17.5,72,Clouds,0.19,0,80
4/22/2021,8:58:02,80.68,67.59,D,33.956169,-6.837211,90,66.949799,17.5,72,Clouds,0.19,0,80
4/22/2021,8:58:03,80.66,67.59,D,33.956169,-6.837211,90,66.949799,17.5,72,Clouds,0.19,0,80
4/22/2021,8:58:04,80.64,67.59,D,33.956169,-6.837211,90,66.949799,17.5,72,Clouds,0.19,0,80
4/22/2021,8:58:05,80.6,67.59,D,33.956169,-6.837211,90,66.949799,17.5,72,Clouds,0.19,0,80
4/22/2021,8:58:06,80.58,67.59,D,33.955757,-6.839197,88,66.949799,17.5,72,Clouds,0.19,0,80
4/22/2021,8:58:07,80.56,67.59,D,33.955757,-6.839197,88,66.949799,17.5,72,Clouds,0.19,0,80
4/22/2021,8:58:08,80.52,67.59,D,33.955757,-6.839197,88,66.949799,17.5,72,Clouds,0.19,0,80
4/22/2021,8:58:09,80.48,67.59,D,33.955757,-6.839197,88,66.949799,17.5,72,Clouds,0.19,0,80
4/22/2021,8:58:10,80.46,67.59,D,33.955757,-6.839197,88,66.949799,17.5,72,Clouds,0.19,0,80
4/22/2021,8:58:11,80.42,69.7,D,33.955757,-6.839197,88,66.949799,17.5,72,Clouds,0.19,0,80
4/22/2021,8:58:12,80.4,69.7,D,33.955757,-6.839197,88,66.949799,17.5,72,Clouds,0.19,0,80
4/22/2021,8:58:13,80.38,69.7,D,33.955757,-6.839197,88,66.949799,17.5,72,Clouds,0.19,0,80
4/22/2021,8:58:14,80.32,69.7,D,33.955757,-6.839197,88,66.949799,17.5,72,Clouds,0.19,0,80
4/22/2021,8:58:15,80.28,69.7,D,33.955757,-6.839197,88,66.949799,17.5,72,Clouds,0.19,0,80
4/22/2021,8:58:16,80.28,69.7,D,33.955757,-6.839197,88,66.949799,17.5,72,Clouds,0.19,0,80
4/22/2021,8:58:17,80.26,69.7,D,33.955757,-6.839197,88,66.949799,17.5,72,Clouds,0.19,0,80
4/22/2021,8:58:18,80.2,70.15,D,33.955269,-6.841864,87,66.949799,17.5,72,Clouds,0.19,0,80
4/22/2021,8:58:19,80.16,70.15,D,33.955269,-6.841864,87,66.949799,17.5,72,Clouds,0.19,0,80
4/22/2021,8:58:20,80.16,70.15,D,33.955269,-6.841864,87,66.949799,17.5,72,Clouds,0.19,0,80
4/22/2021,8:58:21,80.12,70.15,D,33.955269,-6.841864,87,66.949799,17.5,72,Clouds,0.19,0,80
4/22/2021,8:58:22,80.08,70.15,D,33.955269,-6.841864,87,66.949799,17.5,72,Clouds,0.19,0,80
4/22/2021,8:58:23,80.06,70.7,D,33.955269,-6.841864,87,66.949799,17.5,72,Clouds,0.19,0,80
4/22/2021,8:58:24,80.02,70.7,D,33.955269,-6.841864,87,66.949799,17.5,72,Clouds,0.19,0,80
4/22/2021,8:58:25,79.98,70.7,D,33.955269,-6.841864,87,66.949799,17.5,72,Clouds,0.19,0,80
4/22/2021,8:58:26,79.96,70.7,D,33.955269,-6.841864,87,66.949799,17.5,72,Clouds,0.19,0,80
4/22/2021,8:58:27,79.96,68.59,D,33.955269,-6.841864,87,66.949799,17.5,72,Clouds,0.19,0,80
4/22/2021,8:58:28,79.94,68.59,D,33.955269,-6.841864,87,66.949799,17.5,72,Clouds,0.19,0,80
4/22/2021,8:58:29,79.94,65.49,D,33.955269,-6.841864,87,66.949799,17.5,72,Clouds,0.19,0,80
4/22/2021,8:58:30,79.94,65.49,D,33.955269,-6.841864,87,66.949799,17.5,72,Clouds,0.19,0,80
4/22/2021,8:58:31,79.94,65.49,D,33.954777,-6.84451,87,63.912521,17.5,72,Clouds,0.19,0,80
4/22/2021,8:58:32,79.94,61.38,D,33.954777,-6.84451,87,63.912521,17.5,72,Clouds,0.19,0,80
4/22/2021,8:58:33,79.92,59.82,D,33.954777,-6.84451,87,63.912521,17.5,72,Clouds,0.19,0,80
4/22/2021,8:58:34,79.92,59.82,D,33.954777,-6.84451,87,63.912521,17.5,72,Clouds,0.19,0,80
4/22/2021,8:58:35,79.9,59.82,D,33.954777,-6.84451,87,63.912521,17.5,72,Clouds,0.19,0,80
4/22/2021,8:58:36,79.9,59.82,D,33.954777,-6.84451,87,63.912521,17.5,72,Clouds,0.19,0,80
4/22/2021,8:58:37,79.88,59.82,D,33.954777,-6.84451,87,63.912521,17.5,72,Clouds,0.19,0,80
4/22/2021,8:58:38,79.86,59.82,D,33.954777,-6.84451,87,63.912521,17.5,72,Clouds,0.19,0,80
4/22/2021,8:58:39,79.84,56.61,D,33.954777,-6.84451,87,63.912521,17.5,72,Clouds,0.19,0,80
4/22/2021,8:58:40,79.82,56.61,D,33.954777,-6.84451,87,63.912521,17.5,72,Clouds,0.19,0,80
4/22/2021,8:58:41,79.82,56.61,D,33.954777,-6.84451,87,63.912521,17.5,72,Clouds,0.19,0,80
4/22/2021,8:58:42,79.76,57.16,D,33.954777,-6.84451,87,63.912521,17.5,72,Clouds,0.19,0,80
4/22/2021,8:58:43,79.74,56.61,D,33.954777,-6.84451,87,63.912521,17.5,72,Clouds,0.19,0,80
4/22/2021,8:58:44,79.72,56.61,D,33.954777,-6.84451,87,63.912521,17.5,72,Clouds,0.19,0,80
4/22/2021,8:58:45,79.72,56.61,D,33.954777,-6.84451,87,63.912521,17.5,72,Clouds,0.19,0,80
4/22/2021,8:58:46,79.7,56.61,D,33.954777,-6.84451,87,63.912521,17.5,72,Clouds,0.19,0,80
4/22/2021,8:58:47,79.68,54.05,D,33.954777,-6.84451,87,63.912521,17.5,72,Clouds,0.19,0,80
4/22/2021,8:58:48,79.68,53.05,D,33.954777,-6.84451,87,63.912521,17.5,72,Clouds,0.19,0,80
4/22/2021,8:58:49,79.66,53.05,D,33.954777,-6.84451,87,63.912521,17.5,72,Clouds,0.19,0,80
4/22/2021,8:58:50,79.66,53.05,D,33.954319,-6.847239,86,63.912521,17.5,72,Clouds,0.19,0,80
4/22/2021,8:58:51,79.66,53.05,D,33.954319,-6.847239,86,63.912521,17.5,72,Clouds,0.19,0,80
4/22/2021,8:58:52,79.64,49.39,D,33.954319,-6.847239,86,63.912521,17.5,72,Clouds,0.19,0,80
4/22/2021,8:58:53,79.62,49.39,D,33.954319,-6.847239,86,63.912521,17.5,72,Clouds,0.19,0,80
4/22/2021,8:58:54,79.62,49.39,D,33.954319,-6.847239,86,63.912521,17.5,68,Clouds,0.2,0,80
4/22/2021,8:58:55,79.62,49.39,D,33.954319,-6.847239,86,63.912521,17.5,68,Clouds,0.2,0,80
4/22/2021,8:58:56,79.64,49.39,D,33.954319,-6.847239,86,63.912521,17.5,68,Clouds,0.2,0,80
4/22/2021,8:58:57,79.64,38.96,D,33.954319,-6.847239,86,63.912521,17.5,68,Clouds,0.2,0,80
4/22/2021,8:58:58,79.64,38.96,D,33.954319,-6.847239,86,63.912521,17.5,68,Clouds,0.2,0,80
4/22/2021,8:58:59,79.64,38.96,N,33.954319,-6.847239,86,63.912521,17.5,68,Clouds,0.2,0,80
4/22/2021,8:59:00,79.66,38.96,N,33.953926,-6.848984,86,31.113602,17.5,68,Clouds,0.2,0,80
4/22/2021,8:59:01,79.66,20.75,N,33.953926,-6.848984,86,31.113602,17.5,68,Clouds,0.2,0,80
4/22/2021,8:59:02,79.66,14.65,N,33.953926,-6.848984,86,31.113602,17.5,68,Clouds,0.2,0,80
4/22/2021,8:59:03,79.66,12.98,D,33.953926,-6.848984,86,31.113602,17.5,68,Clouds,0.2,0,80
4/22/2021,8:59:04,79.66,12.98,D,33.953926,-6.848984,86,31.113602,17.5,68,Clouds,0.2,0,80
4/22/2021,8:59:05,79.66,10.65,D,33.953926,-6.848984,86,31.113602,17.5,68,Clouds,0.2,0,80
4/22/2021,8:59:06,79.66,6.66,D,33.953926,-6.848984,86,31.113602,17.5,68,Clouds,0.2,0,80
4/22/2021,8:59:07,79.64,6.1,D,33.953926,-6.848984,86,31.113602,17.5,68,Clouds,0.2,0,80
4/22/2021,8:59:08,79.64,6.1,D,33.953926,-6.848984,86,31.113602,17.5,68,Clouds,0.2,0,80
4/22/2021,8:59:09,79.64,6.1,D,33.953926,-6.848984,86,31.113602,17.5,68,Clouds,0.2,0,80
4/22/2021,8:59:10,79.62,6.1,D,33.953926,-6.848984,86,31.113602,17.5,68,Clouds,0.2,0,80
4/22/2021,8:59:11,79.62,0.11,N,33.953926,-6.848984,86,31.113602,17.5,68,Clouds,0.2,0,80
4/22/2021,8:59:12,79.62,0.66,N,33.953926,-6.848984,86,31.113602,17.5,68,Clouds,0.2,0,80
4/22/2021,8:59:13,79.62,0.55,N,33.953827,-6.84937,86,0.24076,17.5,68,Clouds,0.2,0,80
4/22/2021,8:59:14,79.6,0.11,N,33.953827,-6.84937,86,0.24076,17.5,68,Clouds,0.2,0,80
4/22/2021,8:59:15,79.6,0.11,D,33.953827,-6.84937,86,0.24076,17.5,68,Clouds,0.2,0,80
4/22/2021,8:59:16,79.6,0.11,D,33.953827,-6.84937,86,0.24076,17.5,68,Clouds,0.2,0,80
4/22/2021,8:59:17,79.6,0.11,D,33.953827,-6.84937,86,0.24076,17.5,68,Clouds,0.2,0,80
4/22/2021,8:59:18,79.58,0,D,33.953827,-6.84937,86,0.24076,17.5,68,Clouds,0.2,0,80
4/22/2021,8:59:19,79.58,0,D,33.953827,-6.84937,86,0.24076,17.5,68,Clouds,0.2,0,80
4/22/2021,8:59:20,79.58,0.88,D,33.953827,-6.84937,86,0.24076,17.5,68,Clouds,0.2,0,80
4/22/2021,8:59:21,79.58,0.88,D,33.953827,-6.84937,86,0.24076,17.5,68,Clouds,0.2,0,80
4/22/2021,8:59:22,79.56,0.44,D,33.953827,-6.84937,86,0.24076,17.5,68,Clouds,0.2,0,80
4/22/2021,8:59:23,79.56,0.44,D,33.953827,-6.849376,88,0.24076,17.5,68,Clouds,0.2,0,80
4/22/2021,8:59:24,79.56,0.44,D,33.953827,-6.849376,88,0.24076,17.5,68,Clouds,0.2,0,80
4/22/2021,8:59:25,79.54,0.44,D,33.953827,-6.849376,88,0.24076,17.5,68,Clouds,0.2,0,80
4/22/2021,8:59:26,79.54,0.44,D,33.953827,-6.849376,88,0.24076,17.5,68,Clouds,0.2,0,80
4/22/2021,8:59:27,79.54,0.44,D,33.953827,-6.849376,88,0.24076,17.5,68,Clouds,0.2,0,80
4/22/2021,8:59:28,79.54,0.44,D,33.953827,-6.849376,88,0.24076,17.5,68,Clouds,0.2,0,80
4/22/2021,8:59:29,79.52,0.44,D,33.953827,-6.849376,88,0.24076,17.5,68,Clouds,0.2,0,80
4/22/2021,8:59:30,79.52,0.44,D,33.953827,-6.849376,88,0.24076,17.5,68,Clouds,0.2,0,80
4/22/2021,8:59:31,79.52,0.44,D,33.953827,-6.849376,88,0.24076,17.5,68,Clouds,0.2,0,80
4/22/2021,8:59:32,79.52,0,D,33.953827,-6.849376,88,0.24076,17.5,68,Clouds,0.2,0,80
4/22/2021,8:59:33,79.5,0,D,33.953827,-6.849376,88,0.24076,17.5,68,Clouds,0.2,0,80
4/22/2021,8:59:34,79.5,0,D,33.953827,-6.849376,88,0.24076,17.5,68,Clouds,0.2,0,80
4/22/2021,8:59:35,79.5,0,D,33.953831,-6.849378,88,0.24076,17.5,68,Clouds,0.2,0,80
4/22/2021,8:59:36,79.5,0,D,33.953831,-6.849378,88,0.24076,17.5,68,Clouds,0.2,0,80
4/22/2021,8:59:37,79.48,0,D,33.953831,-6.849378,88,0.24076,17.5,68,Clouds,0.2,0,80
4/22/2021,8:59:38,79.46,0,D,33.953831,-6.849378,88,0.24076,17.5,68,Clouds,0.2,0,80
4/22/2021,8:59:39,79.44,0,D,33.953831,-6.849378,88,0.24076,17.5,68,Clouds,0.2,0,80
4/22/2021,8:59:40,79.42,0,D,33.953831,-6.849378,88,0.24076,17.5,68,Clouds,0.2,0,80
4/22/2021,8:59:41,79.4,0,D,33.953831,-6.849378,88,0.24076,17.5,68,Clouds,0.2,0,80
4/22/2021,8:59:42,79.38,0,D,33.953831,-6.849378,88,0.24076,17.5,68,Clouds,0.2,0,80
4/22/2021,8:59:43,79.34,24.19,D,33.953831,-6.849378,88,0.24076,17.5,68,Clouds,0.2,0,80
4/22/2021,8:59:44,79.32,24.97,D,33.953793,-6.849777,88,24.96496,17.5,68,Clouds,0.2,0,80
4/22/2021,8:59:45,79.32,24.97,D,33.953793,-6.849777,88,24.96496,17.5,68,Clouds,0.2,0,80
4/22/2021,8:59:46,79.3,25.19,D,33.953793,-6.849777,88,24.96496,17.5,68,Clouds,0.2,0,80
4/22/2021,8:59:47,79.3,25.19,D,33.953793,-6.849777,88,24.96496,17.5,68,Clouds,0.2,0,80
4/22/2021,8:59:48,79.28,25.19,D,33.953793,-6.849777,88,24.96496,17.5,68,Clouds,0.2,0,80
4/22/2021,8:59:49,79.28,25.19,D,33.953793,-6.849777,88,24.96496,17.5,68,Clouds,0.2,0,80
4/22/2021,8:59:50,79.26,25.19,D,33.953793,-6.849777,88,24.96496,17.5,68,Clouds,0.2,0,80
4/22/2021,8:59:51,79.26,25.19,D,33.953793,-6.849777,88,24.96496,17.5,68,Clouds,0.2,0,80
4/22/2021,8:59:52,79.22,25.97,D,33.953793,-6.849777,88,24.96496,17.5,68,Clouds,0.2,0,80
4/22/2021,8:59:53,79.2,25.97,D,33.953793,-6.849777,88,24.96496,17.5,68,Clouds,0.2,0,80
4/22/2021,8:59:54,79.18,27.97,D,33.953793,-6.849777,88,24.96496,17.5,68,Clouds,0.2,0,80
4/22/2021,8:59:55,79.16,27.97,D,33.953793,-6.849777,88,24.96496,17.5,68,Clouds,0.2,0,80
4/22/2021,8:59:56,79.14,27.97,D,33.953793,-6.849777,88,24.96496,17.5,68,Clouds,0.2,0,80
4/22/2021,8:59:57,79.14,27.97,D,33.953793,-6.849777,88,24.96496,17.5,68,Clouds,0.2,0,80
4/22/2021,8:59:58,79.12,25.53,D,33.953793,-6.849777,88,24.96496,17.5,68,Clouds,0.2,0,80
4/22/2021,8:59:59,79.12,24.42,D,33.953793,-6.849777,88,24.96496,17.5,68,Clouds,0.2,0,80
4/22/2021,9:00:00,79.1,24.42,D,33.953793,-6.849777,88,24.96496,17.5,68,Clouds,0.2,0,80
4/22/2021,9:00:01,79.1,22.86,D,33.953793,-6.849777,88,24.96496,17.5,68,Clouds,0.2,0,80
4/22/2021,9:00:02,79.08,22.86,D,33.953682,-6.851008,90,24.96496,17.5,68,Clouds,0.2,0,80
4/22/2021,9:00:03,79.08,19.42,D,33.953682,-6.851008,90,24.96496,17.5,68,Clouds,0.2,0,80
4/22/2021,9:00:04,79.08,19.64,D,33.953682,-6.851008,90,24.96496,17.5,68,Clouds,0.2,0,80
4/22/2021,9:00:05,79.06,19.64,D,33.953682,-6.851008,90,24.96496,17.5,68,Clouds,0.2,0,80
4/22/2021,9:00:06,79.06,19.64,D,33.953682,-6.851008,90,24.96496,17.5,68,Clouds,0.2,0,80
4/22/2021,9:00:07,79.06,16.09,D,33.953682,-6.851008,90,24.96496,17.5,68,Clouds,0.2,0,80
4/22/2021,9:00:08,79.04,14.76,D,33.953682,-6.851008,90,24.96496,17.5,68,Clouds,0.2,0,80
4/22/2021,9:00:09,79.04,13.76,D,33.953682,-6.851008,90,24.96496,17.5,68,Clouds,0.2,0,80
4/22/2021,9:00:10,79.04,11.76,D,33.953682,-6.851008,90,24.96496,17.5,68,Clouds,0.2,0,80
4/22/2021,9:00:11,79.04,11.65,D,33.953682,-6.851008,90,24.96496,17.5,68,Clouds,0.2,0,80
4/22/2021,9:00:12,79.02,11.65,D,33.953682,-6.851008,90,24.96496,17.5,68,Clouds,0.2,0,80
4/22/2021,9:00:13,79.02,11.65,D,33.953682,-6.851008,90,24.96496,17.5,68,Clouds,0.2,0,80
4/22/2021,9:00:14,79.02,11.65,D,33.953682,-6.851008,90,24.96496,17.5,68,Clouds,0.2,0,80
4/22/2021,9:00:15,79,10.98,D,33.953743,-6.85159,90,10.50084,17.5,68,Clouds,0.2,0,80
4/22/2021,9:00:16,79,6.88,D,33.953743,-6.85159,90,10.50084,17.5,68,Clouds,0.2,0,80
4/22/2021,9:00:17,79,1.55,D,33.953743,-6.85159,90,10.50084,17.5,68,Clouds,0.2,0,80
4/22/2021,9:00:18,79,0,D,33.953743,-6.85159,90,10.50084,17.5,68,Clouds,0.2,0,80
